titulo,tag,faixa,cidade,categoria,nota,avaliacoes,telefone,site,instagram,email,endereco,bairro,maps_url
Pizzaria Guarani (Unidade 1),PIZZA,A,Belo Horizonte,Pizzaria,4.5,26566,+55 31 3408-0000,https://www.pizzariaguarani.com.br/,https://www.instagram.com/pizzariaguarani,,"Av. Waldomiro Lobo, 1180 - Guarani, Belo Horizonte - MG, 31814-620, Brasil",Guarani,https://www.google.com/maps/search/?api=1&query=Pizzaria%20Guarani%20(Unidade%201)&query_place_id=ChIJy5jkzbCapgARY40H6c7hN30
Tudo na Brasa,PIZZA,A,Belo Horizonte,Restaurante de carne,4.6,19045,+55 31 3471-0222,http://www.tudonabrasa.com.br/,,,"Av. dos Engenheiros, 1104 - Castelo, Belo Horizonte - MG, 30840-300, Brasil",Castelo,https://www.google.com/maps/search/?api=1&query=Tudo%20na%20Brasa&query_place_id=ChIJWx1h9UqRpgARg6VjfW_Bj-Q
Donna Margherita,PIZZA,A,Belo Horizonte,Pizzaria,4.4,10274,+55 31 3224-6179,http://www.donnamargheritadelivery.com.br/,,,"Av. Carandaí, 840 - Funcionários, Belo Horizonte - MG, 30130-060, Brasil",Funcionários,https://www.google.com/maps/search/?api=1&query=Donna%20Margherita&query_place_id=ChIJTbIJTOmZpgARYx18eafboV0
Nashy Sushi BH,JAPONÊS,A,Belo Horizonte,Restaurante japonês,4.7,7698,+55 31 3318-2249,https://www.nashysushi.com/,https://www.instagram.com/nashysushi_oficial,,"R. Espírito Santo, 1972 - Lourdes, Belo Horizonte - MG, 30160-032, Brasil",Lourdes,https://www.google.com/maps/search/?api=1&query=Nashy%20Sushi%20BH&query_place_id=ChIJNRSm-t6ZpgARWHw_yLf6-I8
Nashy Sushi Prime,JAPONÊS,A,Belo Horizonte,Restaurante japonês,4.9,7543,+55 31 3347-6038,https://www.nashysushi.com/,https://www.instagram.com/nashysushi_oficial,,"R. Irmão Gonçalves Xavier, 46 - São Pedro, Belo Horizonte - MG, 30330-030, Brasil",São Pedro,https://www.google.com/maps/search/?api=1&query=Nashy%20Sushi%20Prime&query_place_id=ChIJ5erlmkGZpgARwleCIubKRRI
Nashy Sushi Prime Savassi,JAPONÊS,A,Belo Horizonte,Restaurante japonês,4.8,6126,+55 31 3243-3835,https://www.nashysushi.com/,https://www.instagram.com/nashysushi_oficial,,"Av. Getúlio Vargas, 900 - Savassi, Belo Horizonte - MG, 30112-021, Brasil",Savassi,https://www.google.com/maps/search/?api=1&query=Nashy%20Sushi%20Prime%20Savassi&query_place_id=ChIJlXstBZ6ZpgARemNvGbzpLMI
Parada do Cardoso - Santa Tereza,PIZZA,A,Belo Horizonte,Pizzaria,4.6,5768,+55 31 3461-4798,,,,"R. Dores do Indaiá, 409 - Santa Tereza, Belo Horizonte - MG, 31010-360, Brasil",Santa Tereza,https://www.google.com/maps/search/?api=1&query=Parada%20do%20Cardoso%20-%20Santa%20Tereza&query_place_id=ChIJxWaEbymapgARFvRcXbuenDg
Pizzarella,PIZZA,A,Belo Horizonte,Pizzaria,4.4,5632,+55 31 3292-3000,https://instagram.com/pizzarellalourdes?utm_medium=copy_link,,,"Av. Olegário Maciel, 2280 - Santo Agostinho, Belo Horizonte - MG, 30180-111, Brasil",Santo Agostinho,https://www.google.com/maps/search/?api=1&query=Pizzarella&query_place_id=ChIJ0Q5dYmOXpgARSTrl3MFm024
Pizzaria Ponte Furada,PIZZA,A,Belo Horizonte,Pizzaria,4.4,5136,+55 31 3421-6501,http://www.pizzariapontefurada.com.br/https://pizzariapontefurada.com.br/cardapio/,https://www.instagram.com/pizzariapontefurada,pontefurada@ig.com.br,"Av. Clara Nunes, 437 - Renascença, Belo Horizonte - MG, 31160-680, Brasil",Renascença,https://www.google.com/maps/search/?api=1&query=Pizzaria%20Ponte%20Furada&query_place_id=ChIJUQvtoXaapgARkduF58C4jN8
Yakan,JAPONÊS,A,Belo Horizonte,Restaurante japonês,4.7,5110,+55 31 3024-4539,http://www.yakan.com.br/,https://www.instagram.com/yakanbh,,"Av. do Contorno, 5761 - Savassi, Belo Horizonte - MG, 30110-035, Brasil",Savassi,https://www.google.com/maps/search/?api=1&query=Yakan&query_place_id=ChIJNYmxsPeZpgARS_lAUcErAFI
Meatz Burger - Cidade Nova - Hamburgueria,BURGER,A,Belo Horizonte,Hamburgueria,4.9,5061,+55 31 98403-9989,https://meatzburger.com/unidades/hamburgueria-cidade-nova-bh-mg/,https://www.instagram.com/meatzburger,,"R. Alberto Cintra, 452 - União, Belo Horizonte - MG, 31160-370, Brasil",União,https://www.google.com/maps/search/?api=1&query=Meatz%20Burger%20-%20Cidade%20Nova%20-%20Hamburgueria&query_place_id=ChIJR0IZDdObpgAR7X7ZL0BJNJo
Nuboa Sushi - Restaurante e Comida Japonesa em BH,PIZZA,A,Belo Horizonte,Restaurante japonês,4.6,4860,+55 31 99995-4004,https://nuboasushi.com.br/,,contato@nuboasushi.com.br,"R. Borges, 285 - Liberdade, Belo Horizonte - MG, 31270-150, Brasil",Liberdade,https://www.google.com/maps/search/?api=1&query=Nuboa%20Sushi%20-%20Restaurante%20e%20Comida%20Japonesa%20em%20BH&query_place_id=ChIJbQKn-r-RpgAR_mvYBJTWelI
Gastrô Hub - Restaurante e Espaço de Eventos,,A,Belo Horizonte,Restaurante,4.8,4644,+55 31 2527-5858,https://www.instagram.com/gastrohub.bh/?hl=pt-br,https://www.instagram.com/gastrohub.bh/?hl=pt-br,,"Av. do Contorno, 4667 - Serra, Belo Horizonte - MG, 30220-040, Brasil",Serra,https://www.google.com/maps/search/?api=1&query=Gastr%C3%B4%20Hub%20-%20Restaurante%20e%20Espa%C3%A7o%20de%20Eventos&query_place_id=ChIJwRm9mo-ZpgAR-1v7Uj_uiMA
Cantina do Lucas,,A,Belo Horizonte,Restaurante,4.5,4397,+55 31 3226-7153,http://www.cantinadolucas.com.br/,https://www.instagram.com/cantinadolucas,contato@cantinadolucas.com.br,"Av. Augusto de Lima, 233 - Loja 18/19 o9 - Centro, Belo Horizonte - MG, 30190-001, Brasil",Centro,https://www.google.com/maps/search/?api=1&query=Cantina%20do%20Lucas&query_place_id=ChIJ280vAeSZpgARUkOpIqaZtv8
Eddie Fine Burgers,BURGER,A,Belo Horizonte,Restaurante,4.3,4329,+55 31 3282-4606,http://www.eddieburger.com.br/,,,"R. da Bahia, 2652 - Lourdes, Belo Horizonte - MG, 30160-019, Brasil",Lourdes,https://www.google.com/maps/search/?api=1&query=Eddie%20Fine%20Burgers&query_place_id=ChIJlfq0f9eZpgAR7nWszwwFoKI
Meatz Burger - Centro Sul - Hamburgueria,BURGER,A,Belo Horizonte,Hamburgueria,4.6,3729,+55 31 98358-4780,https://meatzburger.com/unidades/hamburgueria-centro-sul-bh/,https://www.instagram.com/meatzburger,,"Av. Prudente de Morais, 559 - Santo Antônio, Belo Horizonte - MG, 30350-143, Brasil",Santo Antônio,https://www.google.com/maps/search/?api=1&query=Meatz%20Burger%20-%20Centro%20Sul%20-%20Hamburgueria&query_place_id=ChIJ5Xn1sn2XpgAR9EjE-hO8480
Dona Lucinha Restaurante,,A,Belo Horizonte,Restaurante Mineiro,4.4,3635,+55 31 2127-0788,https://www.donalucinha.com.br/,https://www.instagram.com/wix,donalucinha@donalucinha.com.br,"R. Padre Odorico, 38 - São Pedro, Belo Horizonte - MG, 30330-040, Brasil",São Pedro,https://www.google.com/maps/search/?api=1&query=Dona%20Lucinha%20Restaurante&query_place_id=ChIJi4uTZNCZpgAR6xrAuwWhPu8
Dal Grano Restaurante e Pizzaria,PIZZA,A,Belo Horizonte,Restaurante italiano,4.7,3554,+55 31 3505-9240,,,,"Av. Pres. Antônio Carlos, 7456 - Pampulha, Belo Horizonte - MG, 31270-672, Brasil",Pampulha,https://www.google.com/maps/search/?api=1&query=Dal%20Grano%20Restaurante%20e%20Pizzaria&query_place_id=ChIJz4U3-MWRpgARZ7RXLLttMk0
Macau,,A,Belo Horizonte,Restaurante chinês,4.6,3477,+55 31 3337-6193,http://macaudelivery.com.br/,,,"Av. Olegário Maciel, 1767 - Lourdes, Belo Horizonte - MG, 30180-111, Brasil",Lourdes,https://www.google.com/maps/search/?api=1&query=Macau&query_place_id=ChIJp3RBGmGXpgARTZWueitaSRE
Pizzaria Mangabeiras Matriz,PIZZA,A,Belo Horizonte,Pizzaria,4.4,3399,+55 31 3211-1777,https://pizzariamangabeiras.com.br/,https://www.instagram.com/pizzariamangabeiras,site@mangabeiras.com.br,"Av. Afonso Pena, 4200 - Mangabeiras, Belo Horizonte - MG, 30120-010, Brasil",Mangabeiras,https://www.google.com/maps/search/?api=1&query=Pizzaria%20Mangabeiras%20Matriz&query_place_id=ChIJGS7g7YuZpgAR5CGYRbA8xWA
68 La Pizzeria,PIZZA,A,Belo Horizonte,Pizzaria,4.4,3396,+55 31 3292-0208,http://www.meiaoito.com.br/,https://instagram.com/68lapizzeriabh,eventos@meiaoito.com.br,"R. Felipe dos Santos, 68 - Lourdes, Belo Horizonte - MG, 30180-160, Brasil",Lourdes,https://www.google.com/maps/search/?api=1&query=68%20La%20Pizzeria&query_place_id=ChIJB8up9diZpgARxZ4yntRWMqw
James Burger - Hambúrguer Artesanal na Savassi | Delivery de Hambúrguer | Hamburgueria Perto de Você | Hamburgueria em BH,BURGER,A,Belo Horizonte,Hamburgueria,4.6,3092,+55 31 99299-1800,http://www.jamesburguerbh.com.br/,,,"R. Sergipe, 1091 - Savassi, Belo Horizonte - MG, 30130-171, Brasil",Savassi,https://www.google.com/maps/search/?api=1&query=James%20Burger%20-%20Hamb%C3%BArguer%20Artesanal%20na%20Savassi%20%7C%20Delivery%20de%20Hamb%C3%BArguer%20%7C%20Hamburgueria%20Perto%20de%20Voc%C3%AA%20%7C%20Hamburgueria%20em%20BH&query_place_id=ChIJVyv0t9uZpgAR2bSVTuVvOZ0
Projeto Sabor São Bento,,A,Belo Horizonte,Restaurante,4.6,3073,+55 31 3342-1373,https://www.projetosabor.com.br/,,,"Av. Cônsul Antônio Cadar, 127 - Santa Lúcia, Belo Horizonte - MG, 30360-082, Brasil",Santa Lúcia,https://www.google.com/maps/search/?api=1&query=Projeto%20Sabor%20S%C3%A3o%20Bento&query_place_id=ChIJPdBYEo-XpgARFF0xZPCGI_o
Pizzaria Olegário Lourdes,PIZZA,A,Belo Horizonte,Pizzaria,4.5,3053,+55 31 3337-4446,http://pizzariaolegario.com.br/,https://www.instagram.com/pizzariaolegario,ge.mkt@redegourmet.com.br,"Av. Olegário Maciel, 1748 - Lourdes, Belo Horizonte - MG, 30180-111, Brasil",Lourdes,https://www.google.com/maps/search/?api=1&query=Pizzaria%20Oleg%C3%A1rio%20Lourdes&query_place_id=ChIJW64AGWGXpgARsOQRS5wkQjA
VILA ARABE - SAVASSI,,A,Belo Horizonte,Restaurante libanês,4.5,2774,+55 31 3262-1600,http://www.vilaarabe.com.br/,https://www.instagram.com/vilaarabe,contato@vilaarabe.com,"R. Pernambuco, 781 - Savassi, Belo Horizonte - MG, 30130-151, Brasil",Savassi,https://www.google.com/maps/search/?api=1&query=VILA%20ARABE%20-%20SAVASSI&query_place_id=ChIJi79vytyZpgARJvHZAh9q9DY
Mustache Pizzaria no Lourdes,PIZZA,A,Belo Horizonte,Pizzaria,4.5,2656,+55 31 3245-7001,https://beacons.ai/mustachehandpizzabh,,,"R. Rio de Janeiro, 1270 - Lourdes, Belo Horizonte - MG, 30160-042, Brasil",Lourdes,https://www.google.com/maps/search/?api=1&query=Mustache%20Pizzaria%20no%20Lourdes&query_place_id=ChIJUaGuE-GZpgARSigq9hINDm8
Pop Kid,,A,Belo Horizonte,Bar,4.7,2599,+55 31 3080-3715,https://popkidbar.com.br/,https://www.instagram.com/popkidbar,,"R. Rio de Janeiro, 661 - Centro, Belo Horizonte - MG, 30160-041, Brasil",Centro,https://www.google.com/maps/search/?api=1&query=Pop%20Kid&query_place_id=ChIJnz4fquSZpgAR6Vc8uEQ_xI0
Bendito Japa – Rodízio Japonês Premium | Lourdes BH,JAPONÊS,A,Belo Horizonte,Restaurante japonês,4.5,2582,+55 31 3141-2444,http://benditojapaoficial.com/,,,"Av. Olegário Maciel, 1801 - Lourdes, Belo Horizonte - MG, 30180-117, Brasil",Lourdes,https://www.google.com/maps/search/?api=1&query=Bendito%20Japa%20%E2%80%93%20Rod%C3%ADzio%20Japon%C3%AAs%20Premium%20%7C%20Lourdes%20BH&query_place_id=ChIJe70jzsWXpgAREW0HImUn5Ws
Domenico Pizzeria e Trattoria,PIZZA,A,Belo Horizonte,Restaurante italiano,4.6,2547,+55 31 3565-8385,http://domenicopizzeria.com.br/,http://instagram.com/domenicobh,,"R. Cláudio Manoel, 583 - Savassi, Belo Horizonte - MG, 30140-100, Brasil",Savassi,https://www.google.com/maps/search/?api=1&query=Domenico%20Pizzeria%20e%20Trattoria&query_place_id=ChIJ6__XtMOZpgARQ_9FypjhjrY
Sushi Naka,JAPONÊS,A,Belo Horizonte,Restaurante japonês,4.5,2394,+55 31 3287-2714,http://instagram.com/sushinakabh,https://instagram.com/sushinakabh,,"Av. Afonso Pena, 2828 - Savassi, Belo Horizonte - MG, 30130-007, Brasil",Savassi,https://www.google.com/maps/search/?api=1&query=Sushi%20Naka&query_place_id=ChIJuSeIF8CZpgAR3Xr5f79hUeg
Second House - Pizzaria,PIZZA,A,Belo Horizonte,Pizzaria,4.8,2240,+55 31 97199-4445,https://thesecondhouse.saipos.com/home,,,"R. Barão de Macaúbas, 109 - Santo Antônio, Belo Horizonte - MG, 30350-090, Brasil",Santo Antônio,https://www.google.com/maps/search/?api=1&query=Second%20House%20-%20Pizzaria&query_place_id=ChIJaYKrZFCXpgARoYbOvB4RZ9w
Dona Fulô | BH,,A,Belo Horizonte,Restaurante,4.8,2205,+55 31 2516-8973,,,,"R. Santa Catarina, 778 - Lourdes, Belo Horizonte - MG, 30170-081, Brasil",Lourdes,https://www.google.com/maps/search/?api=1&query=Dona%20Ful%C3%B4%20%7C%20BH&query_place_id=ChIJn0Z1Ft6XpgAR411-DAp0SQo
The Black Beef - Savassi,BURGER,A,Belo Horizonte,Hamburgueria,4.3,2067,+55 31 3141-5552,https://theblackbeef.com.br/unidades/salvador-shopping-paralela-11-3/,,,"R. Paraíba, 845 - Savassi, Belo Horizonte - MG, 30140-131, Brasil",Savassi,https://www.google.com/maps/search/?api=1&query=The%20Black%20Beef%20-%20Savassi&query_place_id=ChIJz_Kj_9mZpgARD5sJQbKVl7w
Wanted Hamburgueria Artesanal - Palmares,BURGER,A,Belo Horizonte,Hamburgueria,4.6,2066,+55 31 3653-4895,http://www.instagram.com/wantedhamburgueria,https://www.instagram.com/wantedhamburgueria,,"Rua Jorge Angel Livraga, 35 - Palmares, Belo Horizonte - MG, 31155-420, Brasil",Palmares,https://www.google.com/maps/search/?api=1&query=Wanted%20Hamburgueria%20Artesanal%20-%20Palmares&query_place_id=ChIJybCi-HWQpgAR1iglpYzLbsE
Kanpai Sion | Comida Japonesa | Rodízio de Sushi BH,JAPONÊS,A,Belo Horizonte,Restaurante japonês,4.6,1930,+55 31 99858-2666,https://linktr.ee/kanpai.lourdes,,,"Rua Pium-Í, 1122 - Cruzeiro, Belo Horizonte - MG, 30310-080, Brasil",Cruzeiro,https://www.google.com/maps/search/?api=1&query=Kanpai%20Sion%20%7C%20Comida%20Japonesa%20%7C%20Rod%C3%ADzio%20de%20Sushi%20BH&query_place_id=ChIJUzaf6MyZpgARFvAXHsCp92o
Pomodori Pizza,PIZZA,A,Belo Horizonte,Pizzaria,4.4,1856,+55 31 3281-9299,https://pomodori-savassi.goomer.app/,,,"R. Paraíba, 1356 - Savassi, Belo Horizonte - MG, 30130-141, Brasil",Savassi,https://www.google.com/maps/search/?api=1&query=Pomodori%20Pizza&query_place_id=ChIJv9KusdqZpgARH0pb5kx0KAY
Pizza Pezzi - Augusto de Lima,PIZZA,A,Belo Horizonte,Pizzaria,4.7,1811,+55 31 3222-7272,http://www.pizzapezzi.com.br/,https://instagram.com/pizzapezzibh,,"Av. Augusto de Lima, 315 - Centro, Belo Horizonte - MG, 30190-000, Brasil",Centro,https://www.google.com/maps/search/?api=1&query=Pizza%20Pezzi%20-%20Augusto%20de%20Lima&query_place_id=ChIJSZHyAOSZpgARSBvpkiwlPvc
Foraster Burguer,BURGER,A,Belo Horizonte,Hamburgueria,4.9,1743,+55 31 3146-6776,https://forasterburguer.com.br/,https://www.instagram.com/forasterburguer,,"Rua Dr. Júlio Otaviano Ferreira, 615 - Cidade Nova, Belo Horizonte - MG, 31170-200, Brasil",Cidade Nova,https://www.google.com/maps/search/?api=1&query=Foraster%20Burguer&query_place_id=ChIJQ1r1Iy-bpgART0bCgbZHsPk
Popolare Pizza Lourdes,PIZZA,A,Belo Horizonte,Restaurante italiano,4.9,1704,+55 31 99681-9163,https://www.instagram.com/popolarepizza/,https://www.instagram.com/popolarepizza/,,"Av. Álvares Cabral, 1327 - Lourdes, Belo Horizonte - MG, 30170-004, Brasil",Lourdes,https://www.google.com/maps/search/?api=1&query=Popolare%20Pizza%20Lourdes&query_place_id=ChIJg5SwRr-XpgARsSUNGVWFLFc
Pizzaria Olegário Pátio,PIZZA,A,Belo Horizonte,Pizzaria,4.5,1660,+55 31 3317-2020,http://pizzariaolegario.com.br/,https://www.instagram.com/pizzariaolegario,ge.mkt@redegourmet.com.br,"R. Lavras, 150 - São Pedro, Belo Horizonte - MG, 30330-010, Brasil",São Pedro,https://www.google.com/maps/search/?api=1&query=Pizzaria%20Oleg%C3%A1rio%20P%C3%A1tio&query_place_id=ChIJJZ0VOdCZpgARqV-MhAa9oTI
Black Burger Artesanal,BURGER,A,Belo Horizonte,Hamburgueria,4.5,1589,+55 31 2515-2004,https://instadelivery.com.br/blackburgerartesanal,,,"Av. Francisco Sá - Prado, Belo Horizonte - MG, 30410-060, Brasil",Prado,https://www.google.com/maps/search/?api=1&query=Black%20Burger%20Artesanal&query_place_id=ChIJe0dQbWqXpgARRA6bFN9HB7Y
Santa Pizza BH,PIZZA,A,Belo Horizonte,Pizzaria,4.5,1410,+55 31 98327-0942,,,,"R. Santo Agostinho, 1069 - Sagrada Família, Belo Horizonte - MG, 31035-480, Brasil",Sagrada Família,https://www.google.com/maps/search/?api=1&query=Santa%20Pizza%20BH&query_place_id=ChIJn8nJACyapgARq4d0B_DdCbo
Auguri Pizzaria,PIZZA,A,Belo Horizonte,Pizzaria,4.6,1367,+55 31 3047-1004,,,,"R. Alabastro, 50 - Santa Tereza, Belo Horizonte - MG, 31015-068, Brasil",Santa Tereza,https://www.google.com/maps/search/?api=1&query=Auguri%20Pizzaria&query_place_id=ChIJq1P-miOapgARRRHoduPyTFw
Olegário Jardins,PIZZA,A,Belo Horizonte,Pizzaria,4.4,1302,+55 31 2531-5425,http://pizzariaolegario.com.br/,https://www.instagram.com/pizzariaolegario,ge.mkt@redegourmet.com.br,"Av. Prudente de Morais, 520 - Cidade Jardim, Belo Horizonte - MG, 30380-002, Brasil",Cidade Jardim,https://www.google.com/maps/search/?api=1&query=Oleg%C3%A1rio%20Jardins&query_place_id=ChIJJevjq36XpgARbN1CckUymPM
Villagium Burgueria Artesanal,BURGER,A,Belo Horizonte,Hamburgueria,4.6,1273,+55 31 3646-0446,http://www.instagram.com/villagium,https://www.instagram.com/villagium,,"Av. Clara Nunes, 114 - Loja 02 - Renascença, Belo Horizonte - MG, 31130-680, Brasil",Renascença,https://www.google.com/maps/search/?api=1&query=Villagium%20Burgueria%20Artesanal&query_place_id=ChIJE0NZ9XqapgARxIzc9tkXa8Q
VILA ARABE - SANTA EFIGENIA,,A,Belo Horizonte,Lanchonete,4.3,1127,+55 31 3225-1872,http://vilaarabe.com.br/,https://www.instagram.com/vilaarabe,contato@vilaarabe.com,"Av. do Contorno, 3920 - Santa Efigênia, Belo Horizonte - MG, 30110-002, Brasil",Santa Efigênia,https://www.google.com/maps/search/?api=1&query=VILA%20ARABE%20-%20SANTA%20EFIGENIA&query_place_id=ChIJN5ZyvZOZpgARbQHRwq2XSxg
Tatame Comida Japonesa,JAPONÊS,A,Belo Horizonte,Restaurante japonês,4.5,1108,+55 31 3227-2069,https://www.instagram.com/restaurantetatame?igsh=ajhoa25lenl4NzNj,,,"R. Grão Mogol, 872 - Sion, Belo Horizonte - MG, 30310-010, Brasil",Sion,https://www.google.com/maps/search/?api=1&query=Tatame%20Comida%20Japonesa&query_place_id=ChIJvaNpfc2ZpgARKIkDfYda_j0
Sushi Up! Alberto Cintra,JAPONÊS,A,Belo Horizonte,Restaurante japonês,4.6,1082,+55 31 99714-2469,https://www.instagram.com/sushiupdelivery/,https://www.instagram.com/sushiupdelivery/,,"R. Alberto Cintra, 210 - Lj 05 - União, Belo Horizonte - MG, 31160-370, Brasil",União,https://www.google.com/maps/search/?api=1&query=Sushi%20Up!%20Alberto%20Cintra&query_place_id=ChIJ3R2k1jabpgARcpsc3yXn8p0
Sushi Up! Serra,JAPONÊS,A,Belo Horizonte,Restaurante japonês,4.4,1043,+55 31 97129-6448,https://www.instagram.com/sushiupdelivery/,https://www.instagram.com/sushiupdelivery/,,"R. do Ouro, 395 - Lj 1 - Serra, Belo Horizonte - MG, 30220-000, Brasil",Serra,https://www.google.com/maps/search/?api=1&query=Sushi%20Up!%20Serra&query_place_id=ChIJvQcQxr-ZpgARpD3KmpAF8yY
Kei Cozinha Japonesa,JAPONÊS,A,Belo Horizonte,Restaurante japonês,4.5,877,+55 31 2555-9090,,,,"R. Bárbara Heliodora, 54 - Lourdes, Belo Horizonte - MG, 30180-130, Brasil",Lourdes,https://www.google.com/maps/search/?api=1&query=Kei%20Cozinha%20Japonesa&query_place_id=ChIJa-Qn8GGXpgAR6lIzr_X8x_E
Satoru Cozinha Oriental,JAPONÊS,A,Belo Horizonte,Restaurante japonês,4.3,851,+55 31 99531-4988,https://www.instagram.com/satorucozinhaoriental/,https://www.instagram.com/satorucozinhaoriental/,,"Av. Silva Lobo, 1350 - Grajaú, Belo Horizonte - MG, 30431-262, Brasil",Grajaú,https://www.google.com/maps/search/?api=1&query=Satoru%20Cozinha%20Oriental&query_place_id=ChIJ00w0z6SXpgARaWT3vMqRQ3A
Tchambows Burger,BURGER,A,Belo Horizonte,Hamburgueria,4.6,812,+55 31 3327-0481,,,,"R. Firmino Costa, 23 - Jardim Montanhês, Belo Horizonte - MG, 30750-050, Brasil",Jardim Montanhês,https://www.google.com/maps/search/?api=1&query=Tchambows%20Burger&query_place_id=ChIJHXDd6ieXpgARdBvBz_KQEM8
Hokkaido | Comida Japonesa e Delivery,JAPONÊS,B,Belo Horizonte,Restaurante japonês,4.6,698,+55 31 3286-4020,https://www.hokkaido.com.br/,https://www.instagram.com/restaurantehokkaidobh,,"BR-356, 2500 - Loja R03 - Santa Lúcia, Belo Horizonte - MG, 30320-901, Brasil",Santa Lúcia,https://www.google.com/maps/search/?api=1&query=Hokkaido%20%7C%20Comida%20Japonesa%20e%20Delivery&query_place_id=ChIJ38giWCyZpgAROhUjfO-xfTc
Minas Burguer BH,BURGER,B,Belo Horizonte,Hamburgueria,4.8,601,+55 31 97189-4653,,,,"R. Itapetinga, 1179 - Cachoeirinha, Belo Horizonte - MG, 31130-192, Brasil",Cachoeirinha,https://www.google.com/maps/search/?api=1&query=Minas%20Burguer%20BH&query_place_id=ChIJ93piVXKRpgARjLEZmTjLUtM
Indian Gourmet,,B,Belo Horizonte,Restaurante indiano,4.7,598,+55 31 2555-9005,https://instagram.com/indian_gourmet?utm_source=ig_profile_share&igshid=zkctibqlokr5,,,"R. Alvarenga Peixoto, 585 - Lourdes, Belo Horizonte - MG, 30180-124, Brasil",Lourdes,https://www.google.com/maps/search/?api=1&query=Indian%20Gourmet&query_place_id=ChIJaWFR22GXpgAR6bZ2nKSQFjE
Bar do Toninho,,B,Belo Horizonte,Restaurante do Oriente Médio,4.7,570,+55 31 99157-9799,http://www.instagram.com/bardotoninhoarabe/,https://www.instagram.com/bardotoninhoarabe/,,"R. Níquel, 246 - Serra, Belo Horizonte - MG, 30220-280, Brasil",Serra,https://www.google.com/maps/search/?api=1&query=Bar%20do%20Toninho&query_place_id=ChIJ14beCLuZpgARnNLBzpp1CQs
Juicy Burger Shop BH,BURGER,B,Belo Horizonte,Hamburgueria,4.5,566,+55 31 99245-1582,https://oia.99app.com/dlp9/mOTyTN?area=BR,,,"Rua dos Guajajaras, 847 - Lourdes, Belo Horizonte - MG, 30180-105, Brasil",Lourdes,https://www.google.com/maps/search/?api=1&query=Juicy%20Burger%20Shop%20BH&query_place_id=ChIJGy67l-qZpgAR_IijaVNtrQU
Marmitaria BH,MARMITA,B,Belo Horizonte,Delivery,4.2,550,+55 31 3201-1893,http://www.marmitariabh.com.br/,,,"Zap (61 - 99671.0866Av. Amazonas, 1909 - Centro, Belo Horizonte - MG, 30180-001, Brasil",Centro,https://www.google.com/maps/search/?api=1&query=Marmitaria%20BH&query_place_id=ChIJyc1MFROXpgAR6CQifny1Q34
Ferris Burger,BURGER,B,Belo Horizonte,Hamburgueria,4.7,541,+55 31 99598-4609,https://www.instagram.com/ferrisburger/,https://www.instagram.com/ferrisburger/,,"Rua dos Inconfidentes, 615 - Savassi, Belo Horizonte - MG, 30140-120, Brasil",Savassi,https://www.google.com/maps/search/?api=1&query=Ferris%20Burger&query_place_id=ChIJE7Igt6OZpgAR030CkgL6yoo
Shitake Restaurante Japonês Belo Horizonte,JAPONÊS,B,Belo Horizonte,Restaurante japonês,4.3,501,+55 31 3568-5832,http://www.shitakebh.com.br/,,,"Av. dos Bandeirantes, 1678 - Mangabeiras, Belo Horizonte - MG, 30315-032, Brasil",Mangabeiras,https://www.google.com/maps/search/?api=1&query=Shitake%20Restaurante%20Japon%C3%AAs%20Belo%20Horizonte&query_place_id=ChIJQ-by2WGXpgARRJylo8FgyK8
Empório Sírio Libanês,,B,Belo Horizonte,Restaurante árabe,4.6,498,+55 31 2512-8877,https://www.instagram.com/emporiosiriofloresta/?hl=en,https://www.instagram.com/emporiosiriofloresta/?hl=en,,"Av. do Contorno, 1722 - Floresta, Belo Horizonte - MG, 30110-017, Brasil",Floresta,https://www.google.com/maps/search/?api=1&query=Emp%C3%B3rio%20S%C3%ADrio%20Liban%C3%AAs&query_place_id=ChIJy_rcuPWZpgARMHMdbYb8v_s
VILA ARABE - PRUDENTE DE MORAIS,,B,Belo Horizonte,Lanchonete,4.3,485,+55 31 3166-8646,https://www.vilaarabe.com.br/,https://www.instagram.com/vilaarabe,contato@vilaarabe.com,"Av. Prudente de Morais, 1018 - Lj 1014 - Coracao de Jesus, Belo Horizonte - MG, 30380-002, Brasil",Coracao de Jesus,https://www.google.com/maps/search/?api=1&query=VILA%20ARABE%20-%20PRUDENTE%20DE%20MORAIS&query_place_id=ChIJK8xtpniXpgARm6SEzqv1GFw
Casa Da Pizza BH,PIZZA,B,Belo Horizonte,Pizzaria,4.4,444,+55 31 3789-0401,https://www.instagram.com/casadapizzabh/,https://www.instagram.com/casadapizzabh/,,"R. Rio de Janeiro, 1226 - Centro, Belo Horizonte - MG, 30160-043, Brasil",Centro,https://www.google.com/maps/search/?api=1&query=Casa%20Da%20Pizza%20BH&query_place_id=ChIJAQCma-GZpgARtkBrHjIM41I
Kame Sushi Restaurante & Delivery,JAPONÊS,B,Belo Horizonte,Restaurante japonês,4.7,420,+55 31 3234-2120,https://linktr.ee/kamesushibh,,,"Av. Itaité, 412 - São Geraldo, Belo Horizonte - MG, 31050-550, Brasil",São Geraldo,https://www.google.com/maps/search/?api=1&query=Kame%20Sushi%20Restaurante%20%26%20Delivery&query_place_id=ChIJH-9Z87ebpgARqxgB7act0Rc
Charles Burguer,BURGER,B,Belo Horizonte,Hamburgueria,4.7,403,+55 31 2510-8319,,,,"R. Gentios, 113 - Conj. Santa Maria, Belo Horizonte - MG, 30380-472, Brasil",Conjunto Santa Maria,https://www.google.com/maps/search/?api=1&query=Charles%20Burguer&query_place_id=ChIJuYYFgZCXpgART2tTWLRXsoM
Restaurante Patota - Delivery de Comida,,C,Belo Horizonte,Delivery,4.1,398,+55 31 3464-3914,https://www.ifood.com.br/delivery/belo-horizonte-mg/restaurante-patota-padre-eustaquio/5037ec69-4da8-4eb1-a8f9-1b7deb958e55,https://www.instagram.com/ifoodbrasil,,"Rua Progresso, 181 - Padre Eustáquio, Belo Horizonte - MG, 30720-320, Brasil",Padre Eustáquio,https://www.google.com/maps/search/?api=1&query=Restaurante%20Patota%20-%20Delivery%20de%20Comida&query_place_id=ChIJOe-56CWXpgARxwTE6O1m8kA
BH Burguer,BURGER,C,Belo Horizonte,Hamburgueria,4.2,381,+55 31 99216-6187,https://bhburguer.accon.app/,,,"Rua dos Timbiras, 2752 - Barro Preto, Belo Horizonte - MG, 30140-061, Brasil",Barro Preto,https://www.google.com/maps/search/?api=1&query=BH%20Burguer&query_place_id=ChIJG-jjZl6XpgARvwdOtDom94M
Avenue Burger Shop,BURGER,C,Belo Horizonte,Hamburgueria,4.7,380,+55 31 3245-3666,https://avenueburgershop.com.br/,http://www.instagram.com/avenueburgershop,,"Avenida Raja Gabaglia, 2.000, R. Alcida Torres, 01 - Loja 06 - Estoril, Belo Horizonte - MG, 30494-170, Brasil",Estoril,https://www.google.com/maps/search/?api=1&query=Avenue%20Burger%20Shop&query_place_id=ChIJkS1O68GXpgAR1RlzGAUsuyQ
Ricardo Hamdan Cozinha Árabe,,C,Belo Horizonte,Restaurante árabe,4.6,373,+55 31 97171-5170,https://linktr.ee/ricardo_hamdan,,,"Rua Halley, 1075 - Loja 5 - Santa Lúcia, Belo Horizonte - MG, 30110-072, Brasil",Santa Lúcia,https://www.google.com/maps/search/?api=1&query=Ricardo%20Hamdan%20Cozinha%20%C3%81rabe&query_place_id=ChIJPS7Aq7ORpgARmSAzKD1yrJ4
Distrito Pizza Napoletana - Santa Tereza,PIZZA,C,Belo Horizonte,Pizzaria,4.8,364,+55 31 3157-6657,https://distritopizza.com.br/,,,"Rua Gabro, 90 - Santa Tereza, Belo Horizonte - MG, 31010-170, Brasil",Santa Tereza,https://www.google.com/maps/search/?api=1&query=Distrito%20Pizza%20Napoletana%20-%20Santa%20Tereza&query_place_id=ChIJZTa5hbibpgARPEIAq68PWQY
Beco D'Itália,,C,Belo Horizonte,Restaurante italiano,4.7,362,+55 31 99240-2325,https://becoditalia.com.br/,,becoditalia@gmail.com,"R. Alabastro, 59 - Santa Tereza, Belo Horizonte - MG, 31015-068, Brasil",Santa Tereza,https://www.google.com/maps/search/?api=1&query=Beco%20D'It%C3%A1lia&query_place_id=ChIJx2MztiGapgARwgpSGYmk1SU
Shoyu Sushi Delivery,JAPONÊS,C,Belo Horizonte,Sushi para viagem,4.5,344,+55 31 99375-4901,https://pedido.anota.ai/loja/shoyusushidelivery,,,"R. Florêncio José dos Santos - Alípio de Melo, Belo Horizonte - MG, 30820-630, Brasil",Alípio de Melo,https://www.google.com/maps/search/?api=1&query=Shoyu%20Sushi%20Delivery&query_place_id=ChIJpfo7AKOWpgARMoAHtRcS2oM
Yohei Oriental Fusion - Restaurante Japonês em BH,JAPONÊS,C,Belo Horizonte,Restaurante japonês,4.7,335,+55 31 3658-8356,https://yoheibh.com.br/,https://www.instagram.com/yoheiorientalfusion,contato@yoheibh.com.br,"Rua Flor de Guambé, 12 - União, Belo Horizonte - MG, 31160-290, Brasil",União,https://www.google.com/maps/search/?api=1&query=Yohei%20Oriental%20Fusion%20-%20Restaurante%20Japon%C3%AAs%20em%20BH&query_place_id=ChIJxdMIuZmbpgARSXB9nLV8TSI
Japão Sushi Bar Delivery,JAPONÊS,C,Belo Horizonte,Restaurante japonês,4.8,326,+55 31 3141-0277,https://app.cardapioweb.com/japaosushibar,,,"R. Furquim, 297 - Pompéia, Belo Horizonte - MG, 30280-490, Brasil",Pompéia,https://www.google.com/maps/search/?api=1&query=Jap%C3%A3o%20Sushi%20Bar%20Delivery&query_place_id=ChIJee0sW9KbpgARlNXXj3DAS3k
Beirute,,C,Belo Horizonte,Restaurante do Oriente Médio,4.6,313,+55 31 3344-0713,,,,"Av. Prudente de Morais, 600 - Santo Antônio, Belo Horizonte - MG, 30380-000, Brasil",Santo Antônio,https://www.google.com/maps/search/?api=1&query=Beirute&query_place_id=ChIJAcATTXmXpgAR3gSqbVrRle4
Oriente Temaki (Apenas Delivery),JAPONÊS,C,Belo Horizonte,Restaurante japonês,4.4,294,+55 31 3222-0894,,,,"R. Coração de Jesus, 130 - Jonas Veiga, Belo Horizonte - MG, 30285-450, Brasil",Jonas Veiga,https://www.google.com/maps/search/?api=1&query=Oriente%20Temaki%20(Apenas%20Delivery)&query_place_id=ChIJhbUT6nS-pgARTMDwmGXPH0A
Santo Burger,BURGER,C,Belo Horizonte,Hamburgueria,4.9,288,+55 31 98864-4081,,,,"R. Mármore, 21 - Santa Tereza, Belo Horizonte - MG, 31010-220, Brasil",Santa Tereza,https://www.google.com/maps/search/?api=1&query=Santo%20Burger&query_place_id=ChIJ4fC1WiabpgARKXDbf1eeMXY
Pizza Pazza Savassi - Nossa Casa | Pizzas & Massas,PIZZA,C,Belo Horizonte,Pizzaria,4.6,282,+55 31 99982-9039,http://www.pizzapazza.com.br/,,,"Av. do Contorno, 6283 - Lj 02 - Savassi, Belo Horizonte - MG, 30110-931, Brasil",Savassi,https://www.google.com/maps/search/?api=1&query=Pizza%20Pazza%20Savassi%20-%20Nossa%20Casa%20%7C%20Pizzas%20%26%20Massas&query_place_id=ChIJb0ngZB2ZpgARuzupqRTiYnA
Fogariz Burger House,BURGER,C,Belo Horizonte,Hamburgueria,4.8,277,+55 31 99513-8039,https://fogarizburgerhouse.saipos.com/home,,,"Avenida Raul Maurão Guimaraes 70 - Palmeiras, Belo Horizonte - MG, 30575-400, Brasil",Palmeiras,https://www.google.com/maps/search/?api=1&query=Fogariz%20Burger%20House&query_place_id=ChIJ_ao2Fe2VpgARz0lyHDLZbqw
