Maps,Lead Título,Nome da empresa,Nome,Nota,Numero de avaliações,telefone com DDD,site,Nicho,Tag,Faixa,Cidade
https://www.google.com/maps/search/?api=1&query=Pizzaria%20Guarani%20(Unidade%201)&query_place_id=ChIJy5jkzbCapgARY40H6c7hN30,Pizzaria Guarani (Unidade 1),Pizzaria Guarani (Unidade 1),Pizzaria Guarani (Unidade 1),4.5,26566,+55 31 3408-0000,https://www.pizzariaguarani.com.br/,Pizzaria,PIZZA,A,Belo Horizonte
https://www.google.com/maps/search/?api=1&query=Tudo%20na%20Brasa&query_place_id=ChIJWx1h9UqRpgARg6VjfW_Bj-Q,Tudo na Brasa,Tudo na Brasa,Tudo na Brasa,4.6,19045,+55 31 3471-0222,http://www.tudonabrasa.com.br/,Restaurante de carne,PIZZA,A,Belo Horizonte
https://www.google.com/maps/search/?api=1&query=Donna%20Margherita&query_place_id=ChIJTbIJTOmZpgARYx18eafboV0,Donna Margherita,Donna Margherita,Donna Margherita,4.4,10274,+55 31 3224-6179,http://www.donnamargheritadelivery.com.br/,Pizzaria,PIZZA,A,Belo Horizonte
https://www.google.com/maps/search/?api=1&query=Nashy%20Sushi%20BH&query_place_id=ChIJNRSm-t6ZpgARWHw_yLf6-I8,Nashy Sushi BH,Nashy Sushi BH,Nashy Sushi BH,4.7,7698,+55 31 3318-2249,https://www.nashysushi.com/,Restaurante japonês,JAPONÊS,A,Belo Horizonte
https://www.google.com/maps/search/?api=1&query=Nashy%20Sushi%20Prime&query_place_id=ChIJ5erlmkGZpgARwleCIubKRRI,Nashy Sushi Prime,Nashy Sushi Prime,Nashy Sushi Prime,4.9,7543,+55 31 3347-6038,https://www.nashysushi.com/,Restaurante japonês,JAPONÊS,A,Belo Horizonte
https://www.google.com/maps/search/?api=1&query=Nashy%20Sushi%20Prime%20Savassi&query_place_id=ChIJlXstBZ6ZpgARemNvGbzpLMI,Nashy Sushi Prime Savassi,Nashy Sushi Prime Savassi,Nashy Sushi Prime Savassi,4.8,6126,+55 31 3243-3835,https://www.nashysushi.com/,Restaurante japonês,JAPONÊS,A,Belo Horizonte
https://www.google.com/maps/search/?api=1&query=Parada%20do%20Cardoso%20-%20Santa%20Tereza&query_place_id=ChIJxWaEbymapgARFvRcXbuenDg,Parada do Cardoso - Santa Tereza,Parada do Cardoso - Santa Tereza,Parada do Cardoso - Santa Tereza,4.6,5768,+55 31 3461-4798,,Pizzaria,PIZZA,A,Belo Horizonte
https://www.google.com/maps/search/?api=1&query=Pizzarella&query_place_id=ChIJ0Q5dYmOXpgARSTrl3MFm024,Pizzarella,Pizzarella,Pizzarella,4.4,5632,+55 31 3292-3000,https://instagram.com/pizzarellalourdes?utm_medium=copy_link,Pizzaria,PIZZA,A,Belo Horizonte
https://www.google.com/maps/search/?api=1&query=Pizzaria%20Ponte%20Furada&query_place_id=ChIJUQvtoXaapgARkduF58C4jN8,Pizzaria Ponte Furada,Pizzaria Ponte Furada,Pizzaria Ponte Furada,4.4,5136,+55 31 3421-6501,http://www.pizzariapontefurada.com.br/https://pizzariapontefurada.com.br/cardapio/,Pizzaria,PIZZA,A,Belo Horizonte
https://www.google.com/maps/search/?api=1&query=Yakan&query_place_id=ChIJNYmxsPeZpgARS_lAUcErAFI,Yakan,Yakan,Yakan,4.7,5110,+55 31 3024-4539,http://www.yakan.com.br/,Restaurante japonês,JAPONÊS,A,Belo Horizonte
https://www.google.com/maps/search/?api=1&query=Meatz%20Burger%20-%20Cidade%20Nova%20-%20Hamburgueria&query_place_id=ChIJR0IZDdObpgAR7X7ZL0BJNJo,Meatz Burger - Cidade Nova - Hamburgueria,Meatz Burger - Cidade Nova - Hamburgueria,Meatz Burger - Cidade Nova - Hamburgueria,4.9,5061,+55 31 98403-9989,https://meatzburger.com/unidades/hamburgueria-cidade-nova-bh-mg/,Hamburgueria,BURGER,A,Belo Horizonte
https://www.google.com/maps/search/?api=1&query=Nuboa%20Sushi%20-%20Restaurante%20e%20Comida%20Japonesa%20em%20BH&query_place_id=ChIJbQKn-r-RpgAR_mvYBJTWelI,Nuboa Sushi - Restaurante e Comida Japonesa em BH,Nuboa Sushi - Restaurante e Comida Japonesa em BH,Nuboa Sushi - Restaurante e Comida Japonesa em BH,4.6,4860,+55 31 99995-4004,https://nuboasushi.com.br/,Restaurante japonês,PIZZA,A,Belo Horizonte
https://www.google.com/maps/search/?api=1&query=Gastr%C3%B4%20Hub%20-%20Restaurante%20e%20Espa%C3%A7o%20de%20Eventos&query_place_id=ChIJwRm9mo-ZpgAR-1v7Uj_uiMA,Gastrô Hub - Restaurante e Espaço de Eventos,Gastrô Hub - Restaurante e Espaço de Eventos,Gastrô Hub - Restaurante e Espaço de Eventos,4.8,4644,+55 31 2527-5858,https://www.instagram.com/gastrohub.bh/?hl=pt-br,Restaurante,,A,Belo Horizonte
https://www.google.com/maps/search/?api=1&query=Cantina%20do%20Lucas&query_place_id=ChIJ280vAeSZpgARUkOpIqaZtv8,Cantina do Lucas,Cantina do Lucas,Cantina do Lucas,4.5,4397,+55 31 3226-7153,http://www.cantinadolucas.com.br/,Restaurante,,A,Belo Horizonte
https://www.google.com/maps/search/?api=1&query=Eddie%20Fine%20Burgers&query_place_id=ChIJlfq0f9eZpgAR7nWszwwFoKI,Eddie Fine Burgers,Eddie Fine Burgers,Eddie Fine Burgers,4.3,4329,+55 31 3282-4606,http://www.eddieburger.com.br/,Restaurante,BURGER,A,Belo Horizonte
https://www.google.com/maps/search/?api=1&query=Meatz%20Burger%20-%20Centro%20Sul%20-%20Hamburgueria&query_place_id=ChIJ5Xn1sn2XpgAR9EjE-hO8480,Meatz Burger - Centro Sul - Hamburgueria,Meatz Burger - Centro Sul - Hamburgueria,Meatz Burger - Centro Sul - Hamburgueria,4.6,3729,+55 31 98358-4780,https://meatzburger.com/unidades/hamburgueria-centro-sul-bh/,Hamburgueria,BURGER,A,Belo Horizonte
https://www.google.com/maps/search/?api=1&query=Dona%20Lucinha%20Restaurante&query_place_id=ChIJi4uTZNCZpgAR6xrAuwWhPu8,Dona Lucinha Restaurante,Dona Lucinha Restaurante,Dona Lucinha Restaurante,4.4,3635,+55 31 2127-0788,https://www.donalucinha.com.br/,Restaurante Mineiro,,A,Belo Horizonte
https://www.google.com/maps/search/?api=1&query=Dal%20Grano%20Restaurante%20e%20Pizzaria&query_place_id=ChIJz4U3-MWRpgARZ7RXLLttMk0,Dal Grano Restaurante e Pizzaria,Dal Grano Restaurante e Pizzaria,Dal Grano Restaurante e Pizzaria,4.7,3554,+55 31 3505-9240,,Restaurante italiano,PIZZA,A,Belo Horizonte
https://www.google.com/maps/search/?api=1&query=Macau&query_place_id=ChIJp3RBGmGXpgARTZWueitaSRE,Macau,Macau,Macau,4.6,3477,+55 31 3337-6193,http://macaudelivery.com.br/,Restaurante chinês,,A,Belo Horizonte
https://www.google.com/maps/search/?api=1&query=Pizzaria%20Mangabeiras%20Matriz&query_place_id=ChIJGS7g7YuZpgAR5CGYRbA8xWA,Pizzaria Mangabeiras Matriz,Pizzaria Mangabeiras Matriz,Pizzaria Mangabeiras Matriz,4.4,3399,+55 31 3211-1777,https://pizzariamangabeiras.com.br/,Pizzaria,PIZZA,A,Belo Horizonte
https://www.google.com/maps/search/?api=1&query=68%20La%20Pizzeria&query_place_id=ChIJB8up9diZpgARxZ4yntRWMqw,68 La Pizzeria,68 La Pizzeria,68 La Pizzeria,4.4,3396,+55 31 3292-0208,http://www.meiaoito.com.br/,Pizzaria,PIZZA,A,Belo Horizonte
https://www.google.com/maps/search/?api=1&query=James%20Burger%20-%20Hamb%C3%BArguer%20Artesanal%20na%20Savassi%20%7C%20Delivery%20de%20Hamb%C3%BArguer%20%7C%20Hamburgueria%20Perto%20de%20Voc%C3%AA%20%7C%20Hamburgueria%20em%20BH&query_place_id=ChIJVyv0t9uZpgAR2bSVTuVvOZ0,James Burger - Hambúrguer Artesanal na Savassi | Delivery de Hambúrguer | Hamburgueria Perto de Você | Hamburgueria em BH,James Burger - Hambúrguer Artesanal na Savassi | Delivery de Hambúrguer | Hamburgueria Perto de Você | Hamburgueria em BH,James Burger - Hambúrguer Artesanal na Savassi | Delivery de Hambúrguer | Hamburgueria Perto de Você | Hamburgueria em BH,4.6,3092,+55 31 99299-1800,http://www.jamesburguerbh.com.br/,Hamburgueria,BURGER,A,Belo Horizonte
https://www.google.com/maps/search/?api=1&query=Projeto%20Sabor%20S%C3%A3o%20Bento&query_place_id=ChIJPdBYEo-XpgARFF0xZPCGI_o,Projeto Sabor São Bento,Projeto Sabor São Bento,Projeto Sabor São Bento,4.6,3073,+55 31 3342-1373,https://www.projetosabor.com.br/,Restaurante,,A,Belo Horizonte
https://www.google.com/maps/search/?api=1&query=Pizzaria%20Oleg%C3%A1rio%20Lourdes&query_place_id=ChIJW64AGWGXpgARsOQRS5wkQjA,Pizzaria Olegário Lourdes,Pizzaria Olegário Lourdes,Pizzaria Olegário Lourdes,4.5,3053,+55 31 3337-4446,http://pizzariaolegario.com.br/,Pizzaria,PIZZA,A,Belo Horizonte
https://www.google.com/maps/search/?api=1&query=VILA%20ARABE%20-%20SAVASSI&query_place_id=ChIJi79vytyZpgARJvHZAh9q9DY,VILA ARABE - SAVASSI,VILA ARABE - SAVASSI,VILA ARABE - SAVASSI,4.5,2774,+55 31 3262-1600,http://www.vilaarabe.com.br/,Restaurante libanês,,A,Belo Horizonte
https://www.google.com/maps/search/?api=1&query=Mustache%20Pizzaria%20no%20Lourdes&query_place_id=ChIJUaGuE-GZpgARSigq9hINDm8,Mustache Pizzaria no Lourdes,Mustache Pizzaria no Lourdes,Mustache Pizzaria no Lourdes,4.5,2656,+55 31 3245-7001,https://beacons.ai/mustachehandpizzabh,Pizzaria,PIZZA,A,Belo Horizonte
https://www.google.com/maps/search/?api=1&query=Pop%20Kid&query_place_id=ChIJnz4fquSZpgAR6Vc8uEQ_xI0,Pop Kid,Pop Kid,Pop Kid,4.7,2599,+55 31 3080-3715,https://popkidbar.com.br/,Bar,,A,Belo Horizonte
https://www.google.com/maps/search/?api=1&query=Bendito%20Japa%20%E2%80%93%20Rod%C3%ADzio%20Japon%C3%AAs%20Premium%20%7C%20Lourdes%20BH&query_place_id=ChIJe70jzsWXpgAREW0HImUn5Ws,Bendito Japa – Rodízio Japonês Premium | Lourdes BH,Bendito Japa – Rodízio Japonês Premium | Lourdes BH,Bendito Japa – Rodízio Japonês Premium | Lourdes BH,4.5,2582,+55 31 3141-2444,http://benditojapaoficial.com/,Restaurante japonês,JAPONÊS,A,Belo Horizonte
https://www.google.com/maps/search/?api=1&query=Domenico%20Pizzeria%20e%20Trattoria&query_place_id=ChIJ6__XtMOZpgARQ_9FypjhjrY,Domenico Pizzeria e Trattoria,Domenico Pizzeria e Trattoria,Domenico Pizzeria e Trattoria,4.6,2547,+55 31 3565-8385,http://domenicopizzeria.com.br/,Restaurante italiano,PIZZA,A,Belo Horizonte
https://www.google.com/maps/search/?api=1&query=Sushi%20Naka&query_place_id=ChIJuSeIF8CZpgAR3Xr5f79hUeg,Sushi Naka,Sushi Naka,Sushi Naka,4.5,2394,+55 31 3287-2714,http://instagram.com/sushinakabh,Restaurante japonês,JAPONÊS,A,Belo Horizonte
https://www.google.com/maps/search/?api=1&query=Second%20House%20-%20Pizzaria&query_place_id=ChIJaYKrZFCXpgARoYbOvB4RZ9w,Second House - Pizzaria,Second House - Pizzaria,Second House - Pizzaria,4.8,2240,+55 31 97199-4445,https://thesecondhouse.saipos.com/home,Pizzaria,PIZZA,A,Belo Horizonte
https://www.google.com/maps/search/?api=1&query=Dona%20Ful%C3%B4%20%7C%20BH&query_place_id=ChIJn0Z1Ft6XpgAR411-DAp0SQo,Dona Fulô | BH,Dona Fulô | BH,Dona Fulô | BH,4.8,2205,+55 31 2516-8973,,Restaurante,,A,Belo Horizonte
https://www.google.com/maps/search/?api=1&query=The%20Black%20Beef%20-%20Savassi&query_place_id=ChIJz_Kj_9mZpgARD5sJQbKVl7w,The Black Beef - Savassi,The Black Beef - Savassi,The Black Beef - Savassi,4.3,2067,+55 31 3141-5552,https://theblackbeef.com.br/unidades/salvador-shopping-paralela-11-3/,Hamburgueria,BURGER,A,Belo Horizonte
https://www.google.com/maps/search/?api=1&query=Wanted%20Hamburgueria%20Artesanal%20-%20Palmares&query_place_id=ChIJybCi-HWQpgAR1iglpYzLbsE,Wanted Hamburgueria Artesanal - Palmares,Wanted Hamburgueria Artesanal - Palmares,Wanted Hamburgueria Artesanal - Palmares,4.6,2066,+55 31 3653-4895,http://www.instagram.com/wantedhamburgueria,Hamburgueria,BURGER,A,Belo Horizonte
https://www.google.com/maps/search/?api=1&query=Kanpai%20Sion%20%7C%20Comida%20Japonesa%20%7C%20Rod%C3%ADzio%20de%20Sushi%20BH&query_place_id=ChIJUzaf6MyZpgARFvAXHsCp92o,Kanpai Sion | Comida Japonesa | Rodízio de Sushi BH,Kanpai Sion | Comida Japonesa | Rodízio de Sushi BH,Kanpai Sion | Comida Japonesa | Rodízio de Sushi BH,4.6,1930,+55 31 99858-2666,https://linktr.ee/kanpai.lourdes,Restaurante japonês,JAPONÊS,A,Belo Horizonte
https://www.google.com/maps/search/?api=1&query=Pomodori%20Pizza&query_place_id=ChIJv9KusdqZpgARH0pb5kx0KAY,Pomodori Pizza,Pomodori Pizza,Pomodori Pizza,4.4,1856,+55 31 3281-9299,https://pomodori-savassi.goomer.app/,Pizzaria,PIZZA,A,Belo Horizonte
https://www.google.com/maps/search/?api=1&query=Pizza%20Pezzi%20-%20Augusto%20de%20Lima&query_place_id=ChIJSZHyAOSZpgARSBvpkiwlPvc,Pizza Pezzi - Augusto de Lima,Pizza Pezzi - Augusto de Lima,Pizza Pezzi - Augusto de Lima,4.7,1811,+55 31 3222-7272,http://www.pizzapezzi.com.br/,Pizzaria,PIZZA,A,Belo Horizonte
https://www.google.com/maps/search/?api=1&query=Foraster%20Burguer&query_place_id=ChIJQ1r1Iy-bpgART0bCgbZHsPk,Foraster Burguer,Foraster Burguer,Foraster Burguer,4.9,1743,+55 31 3146-6776,https://forasterburguer.com.br/,Hamburgueria,BURGER,A,Belo Horizonte
https://www.google.com/maps/search/?api=1&query=Popolare%20Pizza%20Lourdes&query_place_id=ChIJg5SwRr-XpgARsSUNGVWFLFc,Popolare Pizza Lourdes,Popolare Pizza Lourdes,Popolare Pizza Lourdes,4.9,1704,+55 31 99681-9163,https://www.instagram.com/popolarepizza/,Restaurante italiano,PIZZA,A,Belo Horizonte
https://www.google.com/maps/search/?api=1&query=Pizzaria%20Oleg%C3%A1rio%20P%C3%A1tio&query_place_id=ChIJJZ0VOdCZpgARqV-MhAa9oTI,Pizzaria Olegário Pátio,Pizzaria Olegário Pátio,Pizzaria Olegário Pátio,4.5,1660,+55 31 3317-2020,http://pizzariaolegario.com.br/,Pizzaria,PIZZA,A,Belo Horizonte
https://www.google.com/maps/search/?api=1&query=Black%20Burger%20Artesanal&query_place_id=ChIJe0dQbWqXpgARRA6bFN9HB7Y,Black Burger Artesanal,Black Burger Artesanal,Black Burger Artesanal,4.5,1589,+55 31 2515-2004,https://instadelivery.com.br/blackburgerartesanal,Hamburgueria,BURGER,A,Belo Horizonte
https://www.google.com/maps/search/?api=1&query=Santa%20Pizza%20BH&query_place_id=ChIJn8nJACyapgARq4d0B_DdCbo,Santa Pizza BH,Santa Pizza BH,Santa Pizza BH,4.5,1410,+55 31 98327-0942,,Pizzaria,PIZZA,A,Belo Horizonte
https://www.google.com/maps/search/?api=1&query=Auguri%20Pizzaria&query_place_id=ChIJq1P-miOapgARRRHoduPyTFw,Auguri Pizzaria,Auguri Pizzaria,Auguri Pizzaria,4.6,1367,+55 31 3047-1004,,Pizzaria,PIZZA,A,Belo Horizonte
https://www.google.com/maps/search/?api=1&query=Oleg%C3%A1rio%20Jardins&query_place_id=ChIJJevjq36XpgARbN1CckUymPM,Olegário Jardins,Olegário Jardins,Olegário Jardins,4.4,1302,+55 31 2531-5425,http://pizzariaolegario.com.br/,Pizzaria,PIZZA,A,Belo Horizonte
https://www.google.com/maps/search/?api=1&query=Villagium%20Burgueria%20Artesanal&query_place_id=ChIJE0NZ9XqapgARxIzc9tkXa8Q,Villagium Burgueria Artesanal,Villagium Burgueria Artesanal,Villagium Burgueria Artesanal,4.6,1273,+55 31 3646-0446,http://www.instagram.com/villagium,Hamburgueria,BURGER,A,Belo Horizonte
https://www.google.com/maps/search/?api=1&query=VILA%20ARABE%20-%20SANTA%20EFIGENIA&query_place_id=ChIJN5ZyvZOZpgARbQHRwq2XSxg,VILA ARABE - SANTA EFIGENIA,VILA ARABE - SANTA EFIGENIA,VILA ARABE - SANTA EFIGENIA,4.3,1127,+55 31 3225-1872,http://vilaarabe.com.br/,Lanchonete,,A,Belo Horizonte
https://www.google.com/maps/search/?api=1&query=Tatame%20Comida%20Japonesa&query_place_id=ChIJvaNpfc2ZpgARKIkDfYda_j0,Tatame Comida Japonesa,Tatame Comida Japonesa,Tatame Comida Japonesa,4.5,1108,+55 31 3227-2069,https://www.instagram.com/restaurantetatame?igsh=ajhoa25lenl4NzNj,Restaurante japonês,JAPONÊS,A,Belo Horizonte
https://www.google.com/maps/search/?api=1&query=Sushi%20Up!%20Alberto%20Cintra&query_place_id=ChIJ3R2k1jabpgARcpsc3yXn8p0,Sushi Up! Alberto Cintra,Sushi Up! Alberto Cintra,Sushi Up! Alberto Cintra,4.6,1082,+55 31 99714-2469,https://www.instagram.com/sushiupdelivery/,Restaurante japonês,JAPONÊS,A,Belo Horizonte
https://www.google.com/maps/search/?api=1&query=Sushi%20Up!%20Serra&query_place_id=ChIJvQcQxr-ZpgARpD3KmpAF8yY,Sushi Up! Serra,Sushi Up! Serra,Sushi Up! Serra,4.4,1043,+55 31 97129-6448,https://www.instagram.com/sushiupdelivery/,Restaurante japonês,JAPONÊS,A,Belo Horizonte
https://www.google.com/maps/search/?api=1&query=Kei%20Cozinha%20Japonesa&query_place_id=ChIJa-Qn8GGXpgAR6lIzr_X8x_E,Kei Cozinha Japonesa,Kei Cozinha Japonesa,Kei Cozinha Japonesa,4.5,877,+55 31 2555-9090,,Restaurante japonês,JAPONÊS,A,Belo Horizonte
https://www.google.com/maps/search/?api=1&query=Satoru%20Cozinha%20Oriental&query_place_id=ChIJ00w0z6SXpgARaWT3vMqRQ3A,Satoru Cozinha Oriental,Satoru Cozinha Oriental,Satoru Cozinha Oriental,4.3,851,+55 31 99531-4988,https://www.instagram.com/satorucozinhaoriental/,Restaurante japonês,JAPONÊS,A,Belo Horizonte
https://www.google.com/maps/search/?api=1&query=Tchambows%20Burger&query_place_id=ChIJHXDd6ieXpgARdBvBz_KQEM8,Tchambows Burger,Tchambows Burger,Tchambows Burger,4.6,812,+55 31 3327-0481,,Hamburgueria,BURGER,A,Belo Horizonte
https://www.google.com/maps/search/?api=1&query=Hokkaido%20%7C%20Comida%20Japonesa%20e%20Delivery&query_place_id=ChIJ38giWCyZpgAROhUjfO-xfTc,Hokkaido | Comida Japonesa e Delivery,Hokkaido | Comida Japonesa e Delivery,Hokkaido | Comida Japonesa e Delivery,4.6,698,+55 31 3286-4020,https://www.hokkaido.com.br/,Restaurante japonês,JAPONÊS,B,Belo Horizonte
https://www.google.com/maps/search/?api=1&query=Minas%20Burguer%20BH&query_place_id=ChIJ93piVXKRpgARjLEZmTjLUtM,Minas Burguer BH,Minas Burguer BH,Minas Burguer BH,4.8,601,+55 31 97189-4653,,Hamburgueria,BURGER,B,Belo Horizonte
https://www.google.com/maps/search/?api=1&query=Indian%20Gourmet&query_place_id=ChIJaWFR22GXpgAR6bZ2nKSQFjE,Indian Gourmet,Indian Gourmet,Indian Gourmet,4.7,598,+55 31 2555-9005,https://instagram.com/indian_gourmet?utm_source=ig_profile_share&igshid=zkctibqlokr5,Restaurante indiano,,B,Belo Horizonte
https://www.google.com/maps/search/?api=1&query=Bar%20do%20Toninho&query_place_id=ChIJ14beCLuZpgARnNLBzpp1CQs,Bar do Toninho,Bar do Toninho,Bar do Toninho,4.7,570,+55 31 99157-9799,http://www.instagram.com/bardotoninhoarabe/,Restaurante do Oriente Médio,,B,Belo Horizonte
https://www.google.com/maps/search/?api=1&query=Juicy%20Burger%20Shop%20BH&query_place_id=ChIJGy67l-qZpgAR_IijaVNtrQU,Juicy Burger Shop BH,Juicy Burger Shop BH,Juicy Burger Shop BH,4.5,566,+55 31 99245-1582,https://oia.99app.com/dlp9/mOTyTN?area=BR,Hamburgueria,BURGER,B,Belo Horizonte
https://www.google.com/maps/search/?api=1&query=Marmitaria%20BH&query_place_id=ChIJyc1MFROXpgAR6CQifny1Q34,Marmitaria BH,Marmitaria BH,Marmitaria BH,4.2,550,+55 31 3201-1893,http://www.marmitariabh.com.br/,Delivery,MARMITA,B,Belo Horizonte
https://www.google.com/maps/search/?api=1&query=Ferris%20Burger&query_place_id=ChIJE7Igt6OZpgAR030CkgL6yoo,Ferris Burger,Ferris Burger,Ferris Burger,4.7,541,+55 31 99598-4609,https://www.instagram.com/ferrisburger/,Hamburgueria,BURGER,B,Belo Horizonte
https://www.google.com/maps/search/?api=1&query=Shitake%20Restaurante%20Japon%C3%AAs%20Belo%20Horizonte&query_place_id=ChIJQ-by2WGXpgARRJylo8FgyK8,Shitake Restaurante Japonês Belo Horizonte,Shitake Restaurante Japonês Belo Horizonte,Shitake Restaurante Japonês Belo Horizonte,4.3,501,+55 31 3568-5832,http://www.shitakebh.com.br/,Restaurante japonês,JAPONÊS,B,Belo Horizonte
https://www.google.com/maps/search/?api=1&query=Emp%C3%B3rio%20S%C3%ADrio%20Liban%C3%AAs&query_place_id=ChIJy_rcuPWZpgARMHMdbYb8v_s,Empório Sírio Libanês,Empório Sírio Libanês,Empório Sírio Libanês,4.6,498,+55 31 2512-8877,https://www.instagram.com/emporiosiriofloresta/?hl=en,Restaurante árabe,,B,Belo Horizonte
https://www.google.com/maps/search/?api=1&query=VILA%20ARABE%20-%20PRUDENTE%20DE%20MORAIS&query_place_id=ChIJK8xtpniXpgARm6SEzqv1GFw,VILA ARABE - PRUDENTE DE MORAIS,VILA ARABE - PRUDENTE DE MORAIS,VILA ARABE - PRUDENTE DE MORAIS,4.3,485,+55 31 3166-8646,https://www.vilaarabe.com.br/,Lanchonete,,B,Belo Horizonte
https://www.google.com/maps/search/?api=1&query=Casa%20Da%20Pizza%20BH&query_place_id=ChIJAQCma-GZpgARtkBrHjIM41I,Casa Da Pizza BH,Casa Da Pizza BH,Casa Da Pizza BH,4.4,444,+55 31 3789-0401,https://www.instagram.com/casadapizzabh/,Pizzaria,PIZZA,B,Belo Horizonte
https://www.google.com/maps/search/?api=1&query=Kame%20Sushi%20Restaurante%20%26%20Delivery&query_place_id=ChIJH-9Z87ebpgARqxgB7act0Rc,Kame Sushi Restaurante & Delivery,Kame Sushi Restaurante & Delivery,Kame Sushi Restaurante & Delivery,4.7,420,+55 31 3234-2120,https://linktr.ee/kamesushibh,Restaurante japonês,JAPONÊS,B,Belo Horizonte
https://www.google.com/maps/search/?api=1&query=Charles%20Burguer&query_place_id=ChIJuYYFgZCXpgART2tTWLRXsoM,Charles Burguer,Charles Burguer,Charles Burguer,4.7,403,+55 31 2510-8319,,Hamburgueria,BURGER,B,Belo Horizonte
