Maps,Lead Título,Nome da empresa,Nome,Nota,Numero de avaliações,telefone com DDD,site,Nicho,Email,WhatsApp,Instagram,Facebook,LinkedIn,Categoria,Endereço,Cidade,Estado
https://www.google.com/maps/search/?api=1&query=MON%20Marketing%20%7C%20Ag%C3%AAncia%20de%20Marketing%20Digital%20em%20S%C3%A3o%20Paulo%20%E2%80%93%20Estrat%C3%A9gia%2C%20Tr%C3%A1fego%20Pago%20e%20SEO&query_place_id=ChIJASyIn5JZzpQRiuzzx6VWRiA,"MON Marketing | Agência de Marketing Digital em São Paulo – Estratégia, Tráfego Pago e SEO","MON Marketing | Agência de Marketing Digital em São Paulo – Estratégia, Tráfego Pago e SEO","MON Marketing | Agência de Marketing Digital em São Paulo – Estratégia, Tráfego Pago e SEO",5,17,+55 11 5198-0232,https://monmarketing.com.br/,Agência de Marketing,comercial@agenciamonmarketing.com.br,,https://www.instagram.com/monmarketing_,https://www.facebook.com/agmonmarketing,https://www.linkedin.com/company/ag%C3%AAncia-mon-marketing,Agência de marketing digital,"Av. Paulista, 1471 - Conj. 511 CP 5631 - Bela Vista, São Paulo - SP, 01311-927, Brasil",São Paulo,São Paulo
https://www.google.com/maps/search/?api=1&query=PV%20Digital%20Marketing&query_place_id=ChIJ_0gzk91OlWURYDV9iu8a9CM,PV Digital Marketing,PV Digital Marketing,PV Digital Marketing,5,17,+55 11 91433-1706,https://www.pvdigitalmarketing.com.br/?utm_source=ficha&utm_medium=google&utm_campaign=gbp,Agência de Marketing,,,,,,Agência de Marketing,"Av. Paulista, 1636 - Sala 1105 - Bela Vista, São Paulo - SP, 01310-200, Brasil",São Paulo,São Paulo
https://www.google.com/maps/search/?api=1&query=SinalizeWeb%20Ag%C3%AAncia%20de%20SEO%20e%20Marketing%20Digital&query_place_id=ChIJwytbwrhZzpQRXIjytrXhpoA,SinalizeWeb Agência de SEO e Marketing Digital,SinalizeWeb Agência de SEO e Marketing Digital,SinalizeWeb Agência de SEO e Marketing Digital,4.9,12,+55 11 4965-4440,https://sinalizeweb.com.br/,Agência de Marketing,contato@swtecnologia.tech,,https://www.instagram.com/sinalizeweb_seo_marketing; https://www.instagram.com/ale.abuamir,https://www.facebook.com/sinalizewebagenciadeseo,https://www.linkedin.com/company/sinalizeweb; http://www.linkedin.com/in/uafa-smaili; http://www.linkedin.com/in/aleabuamir; https://www.linkedin.com/in/aleabuamir,Agência de marketing digital,"Av. Paulista, 726 - Bela Vista, São Paulo - SP, 01310-200, Brasil",São Paulo,São Paulo
https://www.google.com/maps/search/?api=1&query=MARDINI%20AG%C3%8ANCIA%20DIGITAL&query_place_id=ChIJtxbhA3xbzpQRM5rMbEtVh8g,MARDINI AGÊNCIA DIGITAL,MARDINI AGÊNCIA DIGITAL,MARDINI AGÊNCIA DIGITAL,5,134,+55 11 5286-6500,https://mardini.com.br/,Agência de Marketing,falecom@mardini.com.br,,https://www.instagram.com/mardiniagencia,https://www.facebook.com/MardiniAgencia,https://www.linkedin.com/company/mardini-agencia-digital,Agência de marketing digital,"Rua Capitão Cavalcanti, 38 - Sala M1P1 - Vila Mariana, São Paulo - SP, 04017-000, Brasil",São Paulo,São Paulo
https://www.google.com/maps/search/?api=1&query=Onblue%20Digital%20-%20Assessoria%20de%20Marketing%20Digital&query_place_id=ChIJE9mwyHG5yJQRCpQLJFBgu2M,Onblue Digital - Assessoria de Marketing Digital,Onblue Digital - Assessoria de Marketing Digital,Onblue Digital - Assessoria de Marketing Digital,5,14,+55 19 2042-2478,https://onblue.digital/,Agência de Marketing,contato@onblue.digital,,https://instagram.com/onblue.digital,https://facebook.com/onblue.digital,,Consultoria em Marketing,"Av. Paulista, 1471 - sala 1110 - Bela Vista, São Paulo - SP, 01311-927, Brasil",São Paulo,São Paulo
https://www.google.com/maps/search/?api=1&query=Ag%C3%AAncia%20Mestre&query_place_id=ChIJ_Uzg3b9ZzpQRnMEKo22cHYU,Agência Mestre,Agência Mestre,Agência Mestre,4.5,70,+55 11 2364-5494,https://www.agenciamestre.com/,Agência de Marketing,,,https://www.instagram.com/agenciamestre,https://www.facebook.com/agenciamestre,https://br.linkedin.com/company/ag%C3%AAncia-mestre,Agência de Marketing,"Av. Engenheiro Luís Carlos Berrini, 1681 - Sala 111 e 112 - Cidade Monções, São Paulo - SP, 04571-011, Brasil",São Paulo,São Paulo
https://www.google.com/maps/search/?api=1&query=Ag%C3%AAncia%20de%20Marketing%20e%20Vendas%20%7C%20WBS%20DIGITAL%20-%20S%C3%A3o%20Paulo%2C%20SP%20-%20Av%20Paulista&query_place_id=ChIJvcxVYghTzpQRBkNREvUySvg,"Agência de Marketing e Vendas | WBS DIGITAL - São Paulo, SP - Av Paulista","Agência de Marketing e Vendas | WBS DIGITAL - São Paulo, SP - Av Paulista","Agência de Marketing e Vendas | WBS DIGITAL - São Paulo, SP - Av Paulista",5,13,+55 11 96447-5573,https://wbsdigitalmarketing.com.br/,Agência de Marketing,,,https://www.instagram.com/wbsdigitalmarketing,,,Agência de marketing digital,"Av. Paulista, 726 - Sala 1202 - Bela Vista, São Paulo - SP, 01310-910, Brasil",São Paulo,São Paulo
https://www.google.com/maps/search/?api=1&query=Ag%C3%AAncia%20Twist&query_place_id=ChIJQVuGVetczpQR9GGQyaqOUSk,Agência Twist,Agência Twist,Agência Twist,4.8,71,+55 11 4225-1225,https://twist.com.br/,Agência de Marketing,with@twist.com.br; comercial@twist.com.br; imprensa@twist.com.br; rh@twist.com.br,,https://www.instagram.com/agenciatwist,,https://www.linkedin.com/company/twistmkt; https://www.linkedin.com/company/agenciatwist,Agência de Marketing,"Torre Norte - Av. das Nações Unidas, 12901 - 4º andar - Cidade Monções, São Paulo - SP, 04578-910, Brasil",São Paulo,São Paulo
https://www.google.com/maps/search/?api=1&query=Proceder%20Marketing%20Digital&query_place_id=ChIJc8mvHqm535QROii_B060WNs,Proceder Marketing Digital,Proceder Marketing Digital,Proceder Marketing Digital,5,11,+55 11 5125-0886,https://www.procedermarketing.com/,Agência de Marketing,proceder@procedermarketing.com,,,,,Agência de marketing digital,"Tv. Dona Paula, 13 - Higienópolis, São Paulo - SP, 01239-050, Brasil",São Paulo,São Paulo
https://www.google.com/maps/search/?api=1&query=Marketing%20Digital%20em%20S%C3%A3o%20Paulo%20%7C%20Sagy%20Marketing%20Digital&query_place_id=ChIJD0tLsMZZzpQR_o_V7zGO7F8,Marketing Digital em São Paulo | Sagy Marketing Digital,Marketing Digital em São Paulo | Sagy Marketing Digital,Marketing Digital em São Paulo | Sagy Marketing Digital,5,12,+55 11 98860-9134,https://www.sagymarketing.com.br/,Agência de Marketing,contato@sagymarketing.com.br,,https://www.instagram.com/sagymarketing; https://www.instagram.com/denispancionato,https://www.facebook.com/profile.php?id=100057194179606; https://www.facebook.com/Sagy-Marketing-Digital-102283608391392; https://www.facebook.com/denis.pancionato,,Agência de Marketing,"R. Cel. José Eusébio - Higienópolis, São Paulo - SP, 01239-030, Brasil",São Paulo,São Paulo
https://www.google.com/maps/search/?api=1&query=Digitall%20Evolution%20-%20Marketing%20Digital&query_place_id=ChIJX__F3k5ZzpQRY6DHJV-O-o8,Digitall Evolution - Marketing Digital,Digitall Evolution - Marketing Digital,Digitall Evolution - Marketing Digital,4.8,149,+55 11 94493-1956,https://www.digitallevolution.com.br/,Agência de Marketing,contato@digitallevolution.com.br; comercial@digitallevolution.com.br,,https://www.instagram.com/digitallevolutionmarketing,https://www.facebook.com/DigitallEvolutionMarketing,https://www.linkedin.com/company/digitall-evolution,Agência de Marketing,"R. Leocádia Cintra, 118 - Mooca, São Paulo - SP, 03112-040, Brasil",São Paulo,São Paulo
https://www.google.com/maps/search/?api=1&query=Remarke%20Digital%20-%20Marketing%20e%20Consultoria%20SP&query_place_id=ChIJjbqkgRFFdWMRdkO-AjNQlmM,Remarke Digital - Marketing e Consultoria SP,Remarke Digital - Marketing e Consultoria SP,Remarke Digital - Marketing e Consultoria SP,5,17,+55 11 97765-9984,https://agencianr1.com.br/,Agência de Marketing,,,,,,Agência de Marketing,"Av. Pres. Juscelino Kubitschek, 1327 - 4º andar Conjunto 41 - Vila Nova Conceição, São Paulo - SP, 04543-011, Brasil",São Paulo,São Paulo
https://www.google.com/maps/search/?api=1&query=Agencia%20Tr%C3%A1fego%20Pago%20-%20Neg%C3%B3cios%20Locais&query_place_id=ChIJe4RtUgBbzpQR7Zi0hsFK_KY,Agencia Tráfego Pago - Negócios Locais,Agencia Tráfego Pago - Negócios Locais,Agencia Tráfego Pago - Negócios Locais,,0,,,Agência de Marketing,,,,,,Agência de marketing digital,"Av. Bosque da Saúde - Bosque da Saúde, São Paulo - SP, 04136-031, Brasil",São Paulo,São Paulo
https://www.google.com/maps/search/?api=1&query=Agencia%20nextWEB%20-%20Marketing%20Digital&query_place_id=ChIJX2J2EoNhzpQRyxZSW_erfKg,Agencia nextWEB - Marketing Digital,Agencia nextWEB - Marketing Digital,Agencia nextWEB - Marketing Digital,4.8,19,+55 11 95849-7212,http://nextwebcompany.com/,Agência de Marketing,contato@agencianextweb.com.br,,https://www.instagram.com/nextwebcompany,https://www.facebook.com/agencianextweb.com.br,,Agência de marketing digital,"Av. Paulista, 777 - Bela Vista, São Paulo - SP, 01310-930, Brasil",São Paulo,São Paulo
https://www.google.com/maps/search/?api=1&query=CMLO%26CO%20-%20Ag%C3%AAncia%20de%20Marketing%20e%20publicidade&query_place_id=ChIJhZh_q2VZzpQRMnYVE3OuZso,CMLO&CO - Agência de Marketing e publicidade,CMLO&CO - Agência de Marketing e publicidade,CMLO&CO - Agência de Marketing e publicidade,5,69,+55 800 878 2392,https://www.cmlo.co/,Agência de Marketing,,,https://www.instagram.com/cmlo.co,https://www.facebook.com/camelodigi,https://www.linkedin.com/company/cmlo,Agência de Marketing,"Av. Paulista, 1374 - Bela Vista, São Paulo - SP, 01310-916, Brasil",São Paulo,São Paulo
https://www.google.com/maps/search/?api=1&query=Wieden%2BKennedy%20S%C3%A3o%20Paulo&query_place_id=ChIJhcuY3rhXzpQRwzdwkqrpzC8,Wieden+Kennedy São Paulo,Wieden+Kennedy São Paulo,Wieden+Kennedy São Paulo,4.6,99,+55 11 3937-9400,http://wksaopaulo.com.br/,Agência de Marketing,,,,,,Agência de publicidade,"R. Natingui, 442 - Vila Madalena, São Paulo - SP, 05443-000, Brasil",São Paulo,São Paulo
https://www.google.com/maps/search/?api=1&query=Gest%C3%A3o%20Marketing&query_place_id=ChIJXbh8DPdZzpQRmLazJJaFlIM,Gestão Marketing,Gestão Marketing,Gestão Marketing,5,29,+55 11 93453-0769,http://marketingemgestao.com.br/gestor-de-trafego,Agência de Marketing,,,,,,Agência de marketing digital,"Alameda Nothmann, 1221 - Santa Cecilia, São Paulo - SP, 01216-001, Brasil",São Paulo,São Paulo
https://www.google.com/maps/search/?api=1&query=Ag%C3%AAncia%20Trii&query_place_id=ChIJpSrs2b5ZzpQRpFW8-olKMig,Agência Trii,Agência Trii,Agência Trii,4.9,83,+55 11 3164-4829,http://trii.com.br/,Agência de Marketing,,,https://www.instagram.com/agencia_trii,https://www.facebook.com/AgenciaTrii,https://www.linkedin.com/company/agencia-trii,Agência de Marketing,"Tv. Dona Paula, 13 - Higienópolis, São Paulo - SP, 01239-050, Brasil",São Paulo,São Paulo
https://www.google.com/maps/search/?api=1&query=RF%20Digital%20-%20Ag%C3%AAncia%20de%20Marketing%20Digital&query_place_id=ChIJszgZzktbzpQRjqB0sDr34Es,RF Digital - Agência de Marketing Digital,RF Digital - Agência de Marketing Digital,RF Digital - Agência de Marketing Digital,5,24,+55 11 96451-0628,http://www.rfcdigital.com.br/,Agência de Marketing,contato@rfcdigital.com.br,,https://www.instagram.com/rfdigital_,https://www.facebook.com/rfdigital7,https://www.linkedin.com/company/rf-digital,Agência de marketing digital,"R. Topázio, 827 - Sala 2 - Vila Mariana, São Paulo - SP, 04105-063, Brasil",São Paulo,São Paulo
https://www.google.com/maps/search/?api=1&query=R%2FGA&query_place_id=ChIJRU7JhMJZzpQRyULqMZSsk4E,R/GA,R/GA,R/GA,4.7,64,+55 11 3958-0900,http://www.rga.com/,Agência de Marketing,,,https://www.instagram.com/rgabydesign,,https://www.linkedin.com/company/r-ga,Agência de publicidade,"R. Natingui, 862 - piso 3 - Vila Madalena, São Paulo - SP, 05443-001, Brasil",São Paulo,São Paulo
https://www.google.com/maps/search/?api=1&query=Ag%C3%AAncia%20de%20Marketing%20Digital%20%7C%20Ag%C3%AAncia%20de%20Tr%C3%A1fego%20Pago%20I%20Gest%C3%A3o%20de%20Tr%C3%A1fego%20Pago%20I%20Cria%C3%A7%C3%A3o%20de%20Websites%20I%20Redes%20Sociais&query_place_id=ChIJZ8NPdENZzpQRgT30659Yyl0,Agência de Marketing Digital | Agência de Tráfego Pago I Gestão de Tráfego Pago I Criação de Websites I Redes Sociais,Agência de Marketing Digital | Agência de Tráfego Pago I Gestão de Tráfego Pago I Criação de Websites I Redes Sociais,Agência de Marketing Digital | Agência de Tráfego Pago I Gestão de Tráfego Pago I Criação de Websites I Redes Sociais,5,29,+55 11 91530-2722,https://agenciadetrafegopago.com.br/agencia-de-trafego-pago-na-avenida-paulista/,Agência de Marketing,contato@agenciadetrafegopago.com.br,,,https://www.facebook.com/agenciadetrafegopago.br,,Agência de Marketing,"Av. Paulista, 1471 - Conj. 511 - Bela Vista, São Paulo - SP, 01311-927, Brasil",São Paulo,São Paulo
https://www.google.com/maps/search/?api=1&query=35%20Publicidade&query_place_id=ChIJ09LyqPNXzpQR4BY9XxZVxD4,35 Publicidade,35 Publicidade,35 Publicidade,4.6,19,+55 11 5555-3535,http://35.agency/,Agência de Marketing,,,,,,Agência de publicidade,"R. Fradique Coutinho, 2297 - Vila Madalena, São Paulo - SP, 05416-012, Brasil",São Paulo,São Paulo
https://www.google.com/maps/search/?api=1&query=Ad%20Fluxo%20-%20Agencia%20Tr%C3%A1fego%20Pago&query_place_id=ChIJvwgcTABZzpQRXI_wpFwBPPU,Ad Fluxo - Agencia Tráfego Pago,Ad Fluxo - Agencia Tráfego Pago,Ad Fluxo - Agencia Tráfego Pago,5,1,,http://www.agenciaaltz.net.br/,Agência de Marketing,,,,,,Agência de marketing digital,"Av. Rangel Pestana, 2280 - Brás, São Paulo - SP, 03002-000, Brasil",São Paulo,São Paulo
https://www.google.com/maps/search/?api=1&query=VML&query_place_id=ChIJF5OvF3ZXzpQRfLIAqGibTYw,VML,VML,VML,4.6,197,+55 11 3026-4100,https://www.vmlyr.com/pt-br/brazil-vml,Agência de Marketing,contato@vml.com,,https://www.instagram.com/vml_br; https://www.instagram.com/vml_global,,https://www.linkedin.com/company/vml,Agência de publicidade,"R. Gen. Furtado do Nascimento, 9 - Alto de Pinheiros, São Paulo - SP, 05465-079, Brasil",São Paulo,São Paulo
https://www.google.com/maps/search/?api=1&query=Ag%C3%AAncia%20Levicius&query_place_id=ChIJvdDWen1ezpQRLhFwny9DY3U,Agência Levicius,Agência Levicius,Agência Levicius,5,62,+55 11 97956-8661,http://www.levicius.com.br/,Agência de Marketing,contato@levicius.com.br,,https://www.instagram.com/levicius,https://www.facebook.com/agencialevicius,,Agência de publicidade,"Euro Office - R. Visc. de Ataíde, 315 - Sala 13 - Vila Carrão, São Paulo - SP, 03414-050, Brasil",São Paulo,São Paulo
https://www.google.com/maps/search/?api=1&query=W5%20Publicidade&query_place_id=ChIJzWvs9nJczpQRDB9OItE8pS8,W5 Publicidade,W5 Publicidade,W5 Publicidade,4.5,43,+55 11 2341-2277,http://www.w5.com.br/,Agência de Marketing,publicidade@w5.com.br,,https://www.instagram.com/w5publicidade,https://www.facebook.com/w5publicidade,https://br.linkedin.com/company/w5publicidade; https://br.linkedin.com/company/w5-comunica-es,Agência de publicidade,"R. Cel. Joviniano Brandão, 545 - Vila Prudente, São Paulo - SP, 03127-175, Brasil",São Paulo,São Paulo
https://www.google.com/maps/search/?api=1&query=Audaz&query_place_id=ChIJxQ8B9NKbyJQRYjPjvh_CKpY,Audaz,Audaz,Audaz,4.9,54,+55 11 4506-3166,https://www.audaz.com.br/,Agência de Marketing,,,https://www.instagram.com/audaz,https://www.facebook.com/audazagora,https://www.linkedin.com/company/1673774; http://linkedin.com/company/1673774,Agência de publicidade,"Edifício Une - R. Natingui, 862 - Vila Madalena, São Paulo - SP, 05443-001, Brasil",São Paulo,São Paulo
https://www.google.com/maps/search/?api=1&query=Fbiz&query_place_id=ChIJ31xcs1hXzpQRy4sfKWgGTJo,Fbiz,Fbiz,Fbiz,4.7,212,+55 11 3097-1000,http://www.fbiz.com.br/,Agência de Marketing,,,,,,Agência de publicidade,"Av. Mofarrej, 971 - Vila Leopoldina, São Paulo - SP, 05311-000, Brasil",São Paulo,São Paulo
https://www.google.com/maps/search/?api=1&query=Ag%C3%AAncia%20Tupiniquim&query_place_id=ChIJ2Xjb6a37zpQRrKykU7fe8fU,Agência Tupiniquim,Agência Tupiniquim,Agência Tupiniquim,4.6,29,+55 11 4168-7152,https://agenciatupiniquim.com.br/,Agência de Marketing,,,https://www.instagram.com/agenciatupiniquim,https://www.facebook.com/agenciatupiniquim,https://www.linkedin.com/company/agenciatupiniquim,Agência de publicidade,"R. Catão, 128 - Sala 125 - Vila Romana, São Paulo - SP, 05049-000, Brasil",São Paulo,São Paulo
https://www.google.com/maps/search/?api=1&query=Ag%C3%AAncia%20Publinog&query_place_id=ChIJZ57y_yL5zpQRmBSsTpACbe8,Agência Publinog,Agência Publinog,Agência Publinog,5,130,+55 11 98027-7099,http://www.publinog.com.br/,Agência de Marketing,,,https://www.instagram.com/publinog,https://www.facebook.com/publinog,,Agência de Marketing,"R. Luís Elias Attie, 41 - Parque Sao Domingos, São Paulo - SP, 05127-020, Brasil",São Paulo,São Paulo
https://www.google.com/maps/search/?api=1&query=Publicidade%20UP&query_place_id=ChIJFwOY759pzpQRU4FiwPVHPhM,Publicidade UP,Publicidade UP,Publicidade UP,4.9,38,+55 11 2110-5799,https://www.publicidadeup.com.br/,Agência de Marketing,,,,,,Agência de publicidade,"Av. Paulista, 1636 - Sala 1105 - Bela Vista, São Paulo - SP, 01310-200, Brasil",São Paulo,São Paulo
https://www.google.com/maps/search/?api=1&query=Trafego%20Pago%20-%20Negocios%20locais&query_place_id=ChIJB_WPUQD3zpQRPhla58PUBXI,Trafego Pago - Negocios locais,Trafego Pago - Negocios locais,Trafego Pago - Negocios locais,5,1,,,Agência de Marketing,,,,,,Agência de marketing digital,"R. Daniel Rossi, 85 - Santana, São Paulo - SP, 02019-010, Brasil",São Paulo,São Paulo
https://www.google.com/maps/search/?api=1&query=Apuppa%20Publicidade%20-%20Ag%C3%AAncia%20de%20Marketing&query_place_id=ChIJbUAMmQ0DzpQRse_VyP7UZ1c,Apuppa Publicidade - Agência de Marketing,Apuppa Publicidade - Agência de Marketing,Apuppa Publicidade - Agência de Marketing,5,213,+55 11 94082-3951,https://apuppa.com.br/,Agência de Marketing,,,https://www.instagram.com/apuppa_,,https://www.linkedin.com/company/apuppa,Agência de publicidade,"CV 1000 - R. Pais Leme, 524 - conjunto 101 10º andar - Pinheiros, São Paulo - SP, 05424-904, Brasil",São Paulo,São Paulo
https://www.google.com/maps/search/?api=1&query=Ag%C3%AAncia%20de%20tr%C3%A1fego%20pago%20ADJ&query_place_id=ChIJBYVmfLeMr2kRhvuNksOmuMs,Agência de tráfego pago ADJ,Agência de tráfego pago ADJ,Agência de tráfego pago ADJ,5,17,+55 11 97694-7767,https://beacons.ai/jeffersonamigodotrafego,Agência de Marketing,,,,,,Agência de publicidade,,,
https://www.google.com/maps/search/?api=1&query=Ag%C3%AAncia%20Near%20%7C%20Trafego%20Pago&query_place_id=ChIJURzYD1pUoCkRJyrniGEwqYE,Agência Near | Trafego Pago,Agência Near | Trafego Pago,Agência Near | Trafego Pago,5,22,+55 11 91963-2494,https://agencianear.com.br/one-page/,Agência de Marketing,,,,,,Agência de marketing digital,,,
https://www.google.com/maps/search/?api=1&query=Ag%C3%AAncia%20de%20Tr%C3%A1fego%20Pago&query_place_id=ChIJD94SP9NZzpQR1KCB78ZagIo,Agência de Tráfego Pago,Agência de Tráfego Pago,Agência de Tráfego Pago,1,1,+55 11 98785-5322,,Agência de Marketing,,,,,,Agência de marketing digital,"R. Tabatinguera - Sé, São Paulo - SP, 01020-001, Brasil",São Paulo,São Paulo
https://www.google.com/maps/search/?api=1&query=Chili%3A%20Ag%C3%AAncia%20de%20SEO%20e%20Marketing%20Digital%20S%C3%A3o%20Paulo&query_place_id=ChIJhR1jLM1ZzpQRFiDU_HGNRNs,Chili: Agência de SEO e Marketing Digital São Paulo,Chili: Agência de SEO e Marketing Digital São Paulo,Chili: Agência de SEO e Marketing Digital São Paulo,5,57,+55 11 3500-5967,https://www.chili.com.br/contato/,Agência de Marketing,info@chili.pa,,https://www.instagram.com/chili.ag,https://www.facebook.com/chiliagency,https://pa.linkedin.com/company/chilidigital; https://www.linkedin.com/company/chiliagency; https://www.linkedin.com/in/diegovortiz,Agência de Marketing,"Av. Paulista, 1439 - Sala 102 - Bela Vista, São Paulo - SP, 01311-200, Brasil",São Paulo,São Paulo
https://www.google.com/maps/search/?api=1&query=%C3%81rea%20Comunica%C3%A7%C3%A3o%20Propaganda%20e%20Marketing&query_place_id=ChIJ2Wo7knhZzpQRqR9e2MOLDvQ,Área Comunicação Propaganda e Marketing,Área Comunicação Propaganda e Marketing,Área Comunicação Propaganda e Marketing,4.8,11,+55 11 5594-0288,http://www.naarea.com/,Agência de Marketing,boldlab@qodeinteractive.com; contato@areacom.com.br,,https://www.instagram.com/na.area,https://www.facebook.com/area.comunicacao,https://www.linkedin.com/company/area-comunicacao-propaganda-e-marketing,Agência de publicidade,"Rua Uruana, 93 - Vila Mariana, São Paulo - SP, 04108-040, Brasil",São Paulo,São Paulo
https://www.google.com/maps/search/?api=1&query=Zoom%20Propaganda&query_place_id=ChIJoQjtAlpezpQREv7xWrPgfsE,Zoom Propaganda,Zoom Propaganda,Zoom Propaganda,5,80,+55 11 2305-9663,https://zoompropaganda.com.br/,Agência de Marketing,,,https://www.instagram.com/zoompropaganda_,https://www.facebook.com/zoompropaganda,https://br.linkedin.com/company/zoom-propaganda,Agência de publicidade,"R. Eng. Pegado, 195 - Vila Carrão, São Paulo - SP, 03430-003, Brasil",São Paulo,São Paulo
https://www.google.com/maps/search/?api=1&query=Gabriel%20Tr%C3%A1fego%20Pagos&query_place_id=ChIJ192r6TtnzpQRfclXAEKQUkk,Gabriel Tráfego Pagos,Gabriel Tráfego Pagos,Gabriel Tráfego Pagos,5,44,+55 11 98539-6768,https://www.gabrieltrafegopagos.site/,Agência de Marketing,gabrielsantos28911@gmail.com; gabrieltrafegopagos@gmail.com,,,,,Agência de marketing digital,"R. Paulino Rafael, 45 - são paulo, São Paulo - SP, 03589-060, Brasil",São Paulo,São Paulo
https://www.google.com/maps/search/?api=1&query=Ag%C3%AAncia%20de%20Tr%C3%A1fego%20Pago%20%7C%20Vit%C3%B3ria%20Marketing&query_place_id=ChIJq2GCWn4K1UER8JXYp2_enz0,Agência de Tráfego Pago | Vitória Marketing,Agência de Tráfego Pago | Vitória Marketing,Agência de Tráfego Pago | Vitória Marketing,5,42,+55 11 91617-8181,http://www.agenciavitoriasp.com.br/,Agência de Marketing,,,,,,Agência de marketing digital,"Av. Miguel Ignácio Curi, 111 - 5° Andar - Vila Carmosina, São Paulo - SP, 08295-005, Brasil",São Paulo,São Paulo
https://www.google.com/maps/search/?api=1&query=AG%C3%8ANCIA%20MILENAR%20DE%20PUBLICIDADE%20%26%20PROPAGANDA&query_place_id=ChIJj1t1riz_zpQRx3sUTzHpq7w,AGÊNCIA MILENAR DE PUBLICIDADE & PROPAGANDA,AGÊNCIA MILENAR DE PUBLICIDADE & PROPAGANDA,AGÊNCIA MILENAR DE PUBLICIDADE & PROPAGANDA,5,1,+55 11 93278-2206,,Agência de Marketing,,,,,,Agência de publicidade,"R. Riachuelo, 326 - Sl 52 - Sé, São Paulo - SP, 01007-000, Brasil",São Paulo,São Paulo
https://www.google.com/maps/search/?api=1&query=Ag%C3%AAncia%20de%20Marketing%20Digital%20%7C%20Ag%C3%AAncia%20de%20Tr%C3%A1fego%20Pago%20I%20Gest%C3%A3o%20de%20Tr%C3%A1fego%20Pago%20I%20Cria%C3%A7%C3%A3o%20de%20Websites%20-%20No%20Morumbi&query_place_id=ChIJlRsDyoVRzpQRrd_rbcWO620,Agência de Marketing Digital | Agência de Tráfego Pago I Gestão de Tráfego Pago I Criação de Websites - No Morumbi,Agência de Marketing Digital | Agência de Tráfego Pago I Gestão de Tráfego Pago I Criação de Websites - No Morumbi,Agência de Marketing Digital | Agência de Tráfego Pago I Gestão de Tráfego Pago I Criação de Websites - No Morumbi,5,10,+55 11 95130-2722,https://agenciadetrafegopago.com.br/,Agência de Marketing,contato@agenciadetrafegopago.com.br,,,https://www.facebook.com/agenciadetrafegopago.br,,Agência de marketing digital,"Rua: Capitão Otávio Machado, 58 - Sala 08 - Chácara Santo Antônio (Zona Sul), São Paulo - SP, 04718-000, Brasil",São Paulo,São Paulo
https://www.google.com/maps/search/?api=1&query=WebFormas%20Ag%C3%AAncia%20de%20Marketing%20Digital&query_place_id=ChIJ-5kotslVzpQRKpdbs1eLvPQ,WebFormas Agência de Marketing Digital,WebFormas Agência de Marketing Digital,WebFormas Agência de Marketing Digital,5,127,+55 11 2801-0067,http://www.webformas.com.br/,Agência de Marketing,,,https://www.instagram.com/agenciawebformas,https://www.facebook.com/webformas; https://www.facebook.com/pages/Webformas/699070123544015,,Agência de Marketing,"Av. Paulista, 1471 Conj. 511 - Sala 02 - CP 22213 - Bela Vista, São Paulo - SP, 01311-927, Brasil",São Paulo,SP
https://www.google.com/maps/search/?api=1&query=AG%C3%8ANCIA%20TRAFEGOOL-%20TR%C3%81FEGO%2C%20M%C3%8DDIAS%20%26%20CIA&query_place_id=ChIJxfvyGTRfzpQRxVjDHNmfAxk,"AGÊNCIA TRAFEGOOL- TRÁFEGO, MÍDIAS & CIA","AGÊNCIA TRAFEGOOL- TRÁFEGO, MÍDIAS & CIA","AGÊNCIA TRAFEGOOL- TRÁFEGO, MÍDIAS & CIA",5,34,+55 11 93042-1682,http://www.trafegool.com.br/,Agência de Marketing,contato@trafegool.com.br,,https://www.instagram.com/trafegool,https://www.facebook.com/Trafegool,,Agência de marketing digital,"R. Sapucaia, 903a - SALA 01 - Água Rasa, São Paulo - SP, 03170-050, Brasil",São Paulo,São Paulo
https://www.google.com/maps/search/?api=1&query=Mg%20Publicidade&query_place_id=ChIJky1NMr1ZzpQRdyV8gZawgXQ,Mg Publicidade,Mg Publicidade,Mg Publicidade,4.9,56,+55 11 95954-5080,https://mgpubli.com.br/,Agência de Marketing,seu_nome@seu-dominio.com.br; contato@suaempresa.com.br; nome@gmail.com; nome@hotmail.com,,https://www.instagram.com/mgpubli.com.br,,,Agência de marketing digital,"Azevedo R - Sala 10 - Bela Vista, São Paulo - SP, 01311-300, Brasil",São Paulo,São Paulo
https://www.google.com/maps/search/?api=1&query=OBADigital&query_place_id=ChIJVfvhnCH4zpQRcVCI0sp2o9c,OBADigital,OBADigital,OBADigital,4.9,65,+55 11 94660-8494,http://www.obadigital.com.br/,Agência de Marketing,,,,,,Agência de marketing digital,"R. Cerro Corá, 2175 - 5º andar - Vila Romana, São Paulo - SP, 05061-450, Brasil",São Paulo,São Paulo
https://www.google.com/maps/search/?api=1&query=M.SEO%20Marketing%20%7C%20Ag%C3%AAncia%20de%20Marketing%20Digital%20em%20SP%20especializada%20em%20SEO&query_place_id=ChIJG8nYvG1XzpQRbF4_4XhM0nc,M.SEO Marketing | Agência de Marketing Digital em SP especializada em SEO,M.SEO Marketing | Agência de Marketing Digital em SP especializada em SEO,M.SEO Marketing | Agência de Marketing Digital em SP especializada em SEO,4.8,16,+55 11 96373-9580,https://agenciamseo.com.br/,Agência de Marketing,contato@agenciamseo.com.br,,https://www.instagram.com/agenciam.seo,https://www.facebook.com/mseo.agenciadigital,https://www.linkedin.com/company/ag%C3%AAncia-m-seo,Agência de Marketing,"Av. Brig. Faria Lima, 2369 - Pinheiros, São Paulo - SP, 01452-000, Brasil",São Paulo,São Paulo
https://www.google.com/maps/search/?api=1&query=Agencia%20de%20Marketing%20Digital&query_place_id=ChIJ7e5JEDxXzpQRXLM15-3uf7s,Agencia de Marketing Digital,Agencia de Marketing Digital,Agencia de Marketing Digital,4.7,13,,,Agência de Marketing,,,,,,Agência de Marketing,"Rua Apinajés, 135 - Pompeia, São Paulo - SP, 05017-000, Brasil",São Paulo,São Paulo
https://www.google.com/maps/search/?api=1&query=JUNTA!%20-%20Ag%C3%AAncia%20de%20Tr%C3%A1fego%20Pago%20-%20S%C3%A3o%20Paulo&query_place_id=ChIJD3hDFesOUkMR6Gb8OCtuArc,JUNTA! - Agência de Tráfego Pago - São Paulo,JUNTA! - Agência de Tráfego Pago - São Paulo,JUNTA! - Agência de Tráfego Pago - São Paulo,5,25,+55 11 97348-6432,https://agenciajunta.com.br/,Agência de Marketing,,,https://www.instagram.com/agenciajunta,,,Agência de marketing digital,,,
https://www.google.com/maps/search/?api=1&query=Natomada%20Produ%C3%A7%C3%B5es&query_place_id=ChIJqzO4VxRFzpQR4FVMaRlATPI,Natomada Produções,Natomada Produções,Natomada Produções,5,43,+55 11 4053-3535,https://natomadaproducoes.com.br/,Agência de Marketing,atendimento@natomadaproducoes.com.br,,https://www.instagram.com/natomadaproducoes,https://www.facebook.com/agencianatomada,https://www.linkedin.com/company/natomadaproducoes,Agência de marketing digital,"Av. Paulista, 1471 - Conj. 511 - CP 2520 - Bela Vista, São Paulo - SP, 01311-927, Brasil",São Paulo,São Paulo
https://www.google.com/maps/search/?api=1&query=Ag%C3%AAncia%20de%20Tr%C3%A1fego%20Pago%20Santana%20Sp%7C%20Danilo%20Bernardo&query_place_id=ChIJGTQu_Qj3zpQRhyR2ObB9Oio,Agência de Tráfego Pago Santana Sp| Danilo Bernardo,Agência de Tráfego Pago Santana Sp| Danilo Bernardo,Agência de Tráfego Pago Santana Sp| Danilo Bernardo,4.7,13,+55 11 94836-1962,https://contratetrafegopago.com.br/,Agência de Marketing,,,https://www.instagram.com/viajantedotrafego,,,Agência de marketing digital,"R. Pedro Gomes, 69 - Jardim Virginia Bianca, São Paulo - SP, 02356-140, Brasil",São Paulo,São Paulo
https://www.google.com/maps/search/?api=1&query=AE%20Digital%20-%20Ag%C3%AAncia%20Digital%20em%20S%C3%A3o%20Paulo&query_place_id=ChIJbx3sStlWzpQRFYviROVgCro,AE Digital - Agência Digital em São Paulo,AE Digital - Agência Digital em São Paulo,AE Digital - Agência Digital em São Paulo,4.8,13,+55 11 3045-9158,https://ae.digital/,Agência de Marketing,,,https://instagram.com/aedigital_; https://www.instagram.com/aedigital_; https://instagram.com/AgenciaDigitalAE; https://www.instagram.com/engefood,https://www.facebook.com/AgenciaDigitalAE; https://www.facebook.com/Danill0Muniz; https://www.facebook.com/engefood,https://www.linkedin.com/company/aedigital; https://www.linkedin.com/in/danillomuniz,Agência de Marketing,"R. Helena, 170 - Conjunto 10 - Vila Olímpia, São Paulo - SP, 04552-050, Brasil",São Paulo,São Paulo
https://www.google.com/maps/search/?api=1&query=SD%20Marketing%20Mobile%20%7C%20Assessoria%20Digital&query_place_id=ChIJFZA20jJZzpQRoZJlGRjbwm8,SD Marketing Mobile | Assessoria Digital,SD Marketing Mobile | Assessoria Digital,SD Marketing Mobile | Assessoria Digital,5,74,,https://sdmarketingmobile.com/,Agência de Marketing,,,https://www.instagram.com/sdmarketingmobile,https://www.facebook.com/share,https://www.linkedin.com/company/sd-marketing-mobile-ads,Agência de marketing digital,"Av. Brig. Faria Lima, 3447 - Itaim Bibi, São Paulo - SP, 04538-132, Brasil",São Paulo,São Paulo
https://www.google.com/maps/search/?api=1&query=Digital%20SP&query_place_id=ChIJ0egC-tj5zpQRuUAeQTJRXhk,Digital SP,Digital SP,Digital SP,5,38,+55 11 99700-7023,https://marketingdigitalemsaopaulo.com.br/,Agência de Marketing,,,https://www.instagram.com/marketingdigitals.p,https://www.facebook.com/marketingdigitalsp1,https://www.linkedin.com/company/marketingdigitalsp,Agência de marketing digital,"R. Mário, 208 - Vila Romana, São Paulo - SP, 05048-010, Brasil",São Paulo,São Paulo
https://www.google.com/maps/search/?api=1&query=A%24%20M%C3%8DDIA%20BR%20%7C%20Marketing%20S%C3%A3o%20Paulo&query_place_id=ChIJCUXGNlQrR6gRFa2GSY4Z4zA,A$ MÍDIA BR | Marketing São Paulo,A$ MÍDIA BR | Marketing São Paulo,A$ MÍDIA BR | Marketing São Paulo,,0,+55 11 97969-7951,https://www.instagram.com/asmidiabr/,Agência de Marketing,,,https://www.instagram.com/asmidiabr/,,,Agência de marketing digital,,,
https://www.google.com/maps/search/?api=1&query=GESTOR%20DE%20TR%C3%81FEGO%20PAGO%20-%20PAULO%20HENRIQUE&query_place_id=ChIJvz-eRFtRzpQRQ2HxNmRpINg,GESTOR DE TRÁFEGO PAGO - PAULO HENRIQUE,GESTOR DE TRÁFEGO PAGO - PAULO HENRIQUE,GESTOR DE TRÁFEGO PAGO - PAULO HENRIQUE,3.9,98,+55 11 97772-5920,,Agência de Marketing,,,,,,Agência de marketing digital,"R. Fontoura Xavier, 760 - 185 B - Itaquera, São Paulo - SP, 08295-300, Brasil",São Paulo,São Paulo
https://www.google.com/maps/search/?api=1&query=AG%20S%C3%A3o%20Paulo%20Marketing&query_place_id=ChIJ8yFqW3P-zpQRhc0JC-rilK4,AG São Paulo Marketing,AG São Paulo Marketing,AG São Paulo Marketing,4.3,6,+55 11 94053-3613,https://agsaopaulo.com.br/,Agência de Marketing,,,https://instagram.com/agsaopaulo,,,Agência de marketing digital,"Av. Brig. Faria Lima, 1572 - Sala 1022/1116 - Jardim Paulistano, São Paulo - SP, 01451-917, Brasil",São Paulo,São Paulo
https://www.google.com/maps/search/?api=1&query=Trampoline%20Ag%C3%AAncia%20de%20Tr%C3%A1fego%20Pago%20e%20SEO&query_place_id=ChIJh6B0eu_2zpQRQFJu3hxKh3I,Trampoline Agência de Tráfego Pago e SEO,Trampoline Agência de Tráfego Pago e SEO,Trampoline Agência de Tráfego Pago e SEO,5,51,+55 11 94221-0894,https://www.trampoline.com.br/,Agência de Marketing,rafael@trampolinedigital.com.br,,,,,Agência de marketing digital,"Av. Paulista, 2028 - 11º andar - Bela Vista, São Paulo - SP, 01310-200, Brasil",São Paulo,São Paulo
https://www.google.com/maps/search/?api=1&query=Ag%C3%AAncia%20Logar&query_place_id=ChIJ6wD9C0n3zpQRa-LpjcBGMWE,Agência Logar,Agência Logar,Agência Logar,5,35,+55 11 94744-8585,http://www.agencialogar.com.br/,Agência de Marketing,contato@agencialogar.com.br,,https://www.instagram.com/agencialogar,https://www.facebook.com/agencialogar,https://www.linkedin.com/company/20480010,Agência de marketing digital,"Av. Nicolas Boer, 399 - Jardim das Perdizes, São Paulo - SP, 01140-060, Brasil",São Paulo,São Paulo
https://www.google.com/maps/search/?api=1&query=G%20Marketing%20Publicidade%20Digital&query_place_id=ChIJLVLT6etlzpQRoLhy832-8YQ,G Marketing Publicidade Digital,G Marketing Publicidade Digital,G Marketing Publicidade Digital,5,47,+55 800 580 2766,https://grupomapsempresas.com.br/,Agência de Marketing,,,,,,Agência de Marketing,"R. Cel. José Eusébio, 95 - Higienópolis, São Paulo - SP, 01239-030, Brasil",São Paulo,São Paulo
https://www.google.com/maps/search/?api=1&query=Ag%C3%AAncia%20de%20Marketing%20Digital%20e%20Intelig%C3%AAncia%20Artificial&query_place_id=ChIJ13YCa1L4zpQRnSjpZfNpSZs,Agência de Marketing Digital e Inteligência Artificial,Agência de Marketing Digital e Inteligência Artificial,Agência de Marketing Digital e Inteligência Artificial,4.6,52,,http://www.agenciaexplorer.com.br/,Agência de Marketing,,,https://www.instagram.com/agenciaexplorer,https://www.facebook.com/explorermarketing,https://www.linkedin.com/company/ag%C3%AAncia-explorer,Agência de Marketing,"R. Apiacás, 756 - 8º - Andar - Perdizes, São Paulo - SP, 05017-020, Brasil",São Paulo,São Paulo
https://www.google.com/maps/search/?api=1&query=Ag%C3%AAncia%20Best%20Friends&query_place_id=ChIJLerDYglRzpQRflmqm-F6o_o,Agência Best Friends,Agência Best Friends,Agência Best Friends,5,34,+55 11 96958-5951,https://www.agenciabestfriends.com.br/,Agência de Marketing,wallace@agenciabestfriends.com.br,,https://www.instagram.com/agenciabestfriends,,https://www.linkedin.com/company/ag%C3%AAncia-best-friends,Agência de publicidade,"R. Luiz Seráphico Júnior, 511 - Jardim Caravelas, São Paulo - SP, 04729-080, Brasil",São Paulo,São Paulo
https://www.google.com/maps/search/?api=1&query=Ag%C3%AAncia%20de%20Marketing%20-%20DASCKUP&query_place_id=ChIJu8Z7U2hZzpQRq7PWnSn0vDk,Agência de Marketing - DASCKUP,Agência de Marketing - DASCKUP,Agência de Marketing - DASCKUP,5,64,+55 11 3136-0946,https://www.dasckup.com/?utm_source=google_meu_negocio&utm_medium=referral&utm_campaign=Google%20Meu%20Neg%C3%B3cio&channel_id=69d1497534ebca959f1a9c4a&campaign_id=69d3fa10509da29177813828,Agência de Marketing,,,https://www.instagram.com/agenciademarketing.dasckup,https://www.facebook.com/dasckup; https://facebook.com/agenciademarketing.dasckup,https://www.linkedin.com/company/agenciademarketingdasckup,Agência de Marketing,"R. Maranhão, 554 - Higienópolis, São Paulo - SP, 01224-010, Brasil",São Paulo,São Paulo
https://www.google.com/maps/search/?api=1&query=Santa%20Clara%20-%20Ag%C3%AAncia%20%26%20Consultoria%20de%20Comunica%C3%A7%C3%A3o&query_place_id=ChIJd4l1f71XzpQRkUC3GStnp74,Santa Clara - Agência & Consultoria de Comunicação,Santa Clara - Agência & Consultoria de Comunicação,Santa Clara - Agência & Consultoria de Comunicação,4.4,22,+55 11 3014-2814,https://santaclara.sc/,Agência de Marketing,santaclara@santaclara.sc,,https://www.instagram.com/agenciasantaclara,facebook.com/AgenciaSantaClara,https://www.linkedin.com/company/santa-clara,Agência de publicidade,"Av. Paulista, 2202 - Conjunto 73, Sala 3F - Cerqueira César, São Paulo - SP, 01310-932, Brasil",São Paulo,São Paulo
https://www.google.com/maps/search/?api=1&query=Ag%C3%AAncia%20Be%20Noticed%20%7C%20Tr%C3%A1fego%20Pago%20%7C%20S%C3%A3o%20Paulo&query_place_id=ChIJRa5ZZk_jVCkROgoKR4pQNNE,Agência Be Noticed | Tráfego Pago | São Paulo,Agência Be Noticed | Tráfego Pago | São Paulo,Agência Be Noticed | Tráfego Pago | São Paulo,5,4,+55 11 94318-3161,https://agenciabenoticed.com.br/agencia-be-noticed/,Agência de Marketing,,,,,,Agência de Marketing,"R. Baía Grande, 744 - Vila Bela, São Paulo - SP, 03202-000, Brasil",São Paulo,São Paulo
https://www.google.com/maps/search/?api=1&query=ID%20Sense%20Design%20-%20Ag%C3%AAncia%20de%20Design%20Gr%C3%A1fico%20em%20S%C3%A3o%20Paulo%20e%20todo%20Brasil&query_place_id=ChIJTb_oiAjbX5IRDiovCrxb38U,ID Sense Design - Agência de Design Gráfico em São Paulo e todo Brasil,ID Sense Design - Agência de Design Gráfico em São Paulo e todo Brasil,ID Sense Design - Agência de Design Gráfico em São Paulo e todo Brasil,5,30,+55 11 97751-0845,http://www.behance.net/tiagofck,Agência de Marketing,,,http://instagram.com/tiagofck; http://instagram.com/behance,http://www.facebook.com/Behance,https://www.linkedin.com/company/151575,Designer Gráfico,,,
https://www.google.com/maps/search/?api=1&query=LUZ%20PUBLICIDADE%20SP%20SUL%20LTDA&query_place_id=ChIJOXqo1MdZzpQRp26l33BcegA,LUZ PUBLICIDADE SP SUL LTDA,LUZ PUBLICIDADE SP SUL LTDA,LUZ PUBLICIDADE SP SUL LTDA,4.5,15,+55 11 3121-5555,http://www.luzpublicidade.com.br/,Agência de Marketing,,,https://instagram.com/luzpublicidade,https://www.facebook.com/profile.php?id=100063565904058,https://www.linkedin.com/company/luz-publicidade,Agência de publicidade,"Av. Paulista, 1159 - Bela Vista, São Paulo - SP, 01311-200, Brasil",São Paulo,São Paulo
https://www.google.com/maps/search/?api=1&query=Elipse%20Publicidade%20e%20Propaganda&query_place_id=ChIJ02xEichZzpQRMtMZRx5g9FM,Elipse Publicidade e Propaganda,Elipse Publicidade e Propaganda,Elipse Publicidade e Propaganda,5,41,+55 11 99265-6886,https://www.elipsepublicidade.com.br/,Agência de Marketing,atendimento@elipsepublicidade.com.br,,https://www.instagram.com/elipsepublicidadeoficial,https://www.facebook.com/Elipsepubli,https://www.linkedin.com/company/elipse-publicidade,Agência de publicidade,"Av. Paulista, 1471 - Bela Vista, São Paulo - SP, 01311-200, Brasil",São Paulo,São Paulo
https://www.google.com/maps/search/?api=1&query=Ag%C3%AAncia%20Front&query_place_id=ChIJTRfFO4NXzpQRLAAOe4wva5w,Agência Front,Agência Front,Agência Front,4.7,38,+55 11 98581-4778,http://agenciafront.com.br/,Agência de Marketing,,,https://www.instagram.com/agenciafront,https://www.facebook.com/frontagencia,https://www.linkedin.com/company/agencia-front,Agência de Marketing,"Av. Paulista, 2202 - 6 Andar - Bela Vista, São Paulo - SP, 01310-300, Brasil",São Paulo,São Paulo
https://www.google.com/maps/search/?api=1&query=Ag%C3%AAncia%20Pulso%20-%20Marketing%20digital&query_place_id=ChIJt5ZjzJpZzpQRFMDOXfMwYSs,Agência Pulso - Marketing digital,Agência Pulso - Marketing digital,Agência Pulso - Marketing digital,4.7,13,+55 11 94771-9585,https://www.agenciapulso.com.br/,Agência de Marketing,,,,,,Agência de publicidade,"Av. Paulista, 302 - Bela Vista, São Paulo - SP, 01310-000, Brasil",São Paulo,São Paulo
https://www.google.com/maps/search/?api=1&query=Hiro%20Comunica%C3%A7%C3%A3o%20-%20Ag%C3%AAncia%20de%20Publicidade%20Full%20Service%2C%20SEO%2C%20UX%2C%20Marketing%20Digital%2C%20Sites%20e%20Planejamento%20Estrat%C3%A9gico&query_place_id=ChIJHy16vbBZzpQRPHNOyWdsOiw,"Hiro Comunicação - Agência de Publicidade Full Service, SEO, UX, Marketing Digital, Sites e Planejamento Estratégico","Hiro Comunicação - Agência de Publicidade Full Service, SEO, UX, Marketing Digital, Sites e Planejamento Estratégico","Hiro Comunicação - Agência de Publicidade Full Service, SEO, UX, Marketing Digital, Sites e Planejamento Estratégico",4.5,25,+55 11 96378-8619,http://www.hirocomunicacao.com.br/,Agência de Marketing,,,https://www.instagram.com/hirocomunicacao,https://www.facebook.com/hirocomunicacao,https://www.linkedin.com/company/hirocomunicacao; https://www.linkedin.com/company/hiro-comunica%C3%A7%C3%A3o,Agência de publicidade,"Alameda Santos, 647 - Jardim Paulista, São Paulo - SP, 01419-001, Brasil",São Paulo,São Paulo
https://www.google.com/maps/search/?api=1&query=Ag%C3%AAncia%20Tipo%20-%20Especialistas%20em%20Marketing%20Industrial&query_place_id=ChIJuc-sVhFczpQR-UJVCsBbmSk,Agência Tipo - Especialistas em Marketing Industrial,Agência Tipo - Especialistas em Marketing Industrial,Agência Tipo - Especialistas em Marketing Industrial,4.5,16,+55 11 4215-7665,https://www.agenciatipo.com.br/,Agência de Marketing,contato@agenciatipo.com.br,,https://www.instagram.com/agencia_tipo,facebook.com/tipopublicidade,https://br.linkedin.com/company/tipopublicidade,Agência de marketing digital,"Av. Paes de Barros, 588 - Mooca, São Paulo - SP, 03114-000, Brasil",São Paulo,São Paulo
https://www.google.com/maps/search/?api=1&query=Ag%C3%AAncia%20Caprone&query_place_id=ChIJPZSVMhFXzpQRtXafdEls-84,Agência Caprone,Agência Caprone,Agência Caprone,5,26,,http://www.agenciacaprone.com.br/,Agência de Marketing,,,https://www.instagram.com/agenciacapronepublicidade,https://www.facebook.com/agenciacapronepublicidade,https://www.linkedin.com/company/agencia-caprone,Agência de publicidade,"R. Cláudio Soares, 72 - cj 115 - Pinheiros, São Paulo - SP, 05422-030, Brasil",São Paulo,São Paulo
https://www.google.com/maps/search/?api=1&query=OC%20Publicidade-Ag%C3%AAncia%20de%20Marketing%20Digital%20B2b&query_place_id=ChIJZyUas3n2zpQRiytvmxpMRdU,OC Publicidade-Agência de Marketing Digital B2b,OC Publicidade-Agência de Marketing Digital B2b,OC Publicidade-Agência de Marketing Digital B2b,4.5,8,+55 11 3090-0148,http://www.ocpublicidade.com.br/,Agência de Marketing,contato@ocpublicidade.com.br,,https://www.instagram.com/oc_publicidade,https://www.facebook.com/ocpublici,,Agência de Marketing,"Av. Paulista, 1842 - 15º andar, conj. 155 - Bela Vista, São Paulo - SP, 01310-200, Brasil",São Paulo,São Paulo
https://www.google.com/maps/search/?api=1&query=Ag%C3%AAncia%20de%20Marketing%20Digital%20em%20S%C3%A3o%20Paulo%20-%20Ag%C3%AAncia%20MOLL&query_place_id=ChIJ7zYN5lD_zpQRByYIVP-KIe4,Agência de Marketing Digital em São Paulo - Agência MOLL,Agência de Marketing Digital em São Paulo - Agência MOLL,Agência de Marketing Digital em São Paulo - Agência MOLL,4.8,13,+55 11 96801-9040,https://agenciamoll.com.br/,Agência de Marketing,comercial@agenciamoll.com.br,,https://www.instagram.com/agenciamoll,,https://www.linkedin.com/company/agenciamoll,Agência de Marketing,"Av. Paulista, 726 - Conj. 1202 - Bela Vista, São Paulo - SP, 03110-100, Brasil",São Paulo,São Paulo
https://www.google.com/maps/search/?api=1&query=Ag%C3%AAncia%2099%20Comunica%C3%A7%C3%A3o%20Digital&query_place_id=ChIJzwYNqkVQzpQRIJqHA7DrruM,Agência 99 Comunicação Digital,Agência 99 Comunicação Digital,Agência 99 Comunicação Digital,4.9,33,+55 11 93706-2181,http://www.agencia99.com.br/,Agência de Marketing,,,https://www.instagram.com/agencia99,https://www.facebook.com/Agencia99Comunicacao,https://www.linkedin.com/company/agencia99comunicacao,Agência de publicidade,"Av. Danton Jobim, 148 - Interlagos, São Paulo - SP, 04782-000, Brasil",São Paulo,São Paulo
https://www.google.com/maps/search/?api=1&query=Ag%C3%AAncia%20Santo%20Job%20Comunica%C3%A7%C3%A3o&query_place_id=ChIJFSCB7chZzpQR-nlAyc1X38o,Agência Santo Job Comunicação,Agência Santo Job Comunicação,Agência Santo Job Comunicação,5,35,+55 11 92580-4272,http://www.santojobcomunicacao.com/,Agência de Marketing,contato@santojobcomunicacao.com,,https://www.instagram.com/santojobcomunicacao,https://www.facebook.com/santojobcomunicacao,,Agência de Marketing,"Av. Paulista, 171 - Bela Vista, São Paulo - SP, 01311-904, Brasil",São Paulo,São Paulo
https://www.google.com/maps/search/?api=1&query=%EF%B8%8F%20%EF%B8%8FAg%C3%AAncia%20Digital%20Talism%C3%A3%20%EF%B8%8F%20%EF%B8%8FAg%C3%AAncia%20de%20Marketing%20Digital%20no%20Tatuap%C3%A9%20-&query_place_id=ChIJ1YRBIJJezpQRfuS3eWE9GcI,️ ️Agência Digital Talismã ️ ️Agência de Marketing Digital no Tatuapé -,️ ️Agência Digital Talismã ️ ️Agência de Marketing Digital no Tatuapé -,️ ️Agência Digital Talismã ️ ️Agência de Marketing Digital no Tatuapé -,4.7,50,+55 11 2359-9004,https://agenciatalisma.com.br/,Agência de Marketing,talisma@agenciatalisma.com.br,,https://www.instagram.com/agenciadigitaltalisma,https://www.facebook.com/agenciadigitaltalisma,,Agência de marketing digital,"Pça. Sílvio Romero, 55 - Tatuapé, São Paulo - SP, 03323-000, Brasil",São Paulo,São Paulo
https://www.google.com/maps/search/?api=1&query=Ag%C3%AAncia%20de%20Marketing%20Digital%20-%20Digital%20Times&query_place_id=ChIJ2wKq1jBdzpQR2DS1gkS61q8,Agência de Marketing Digital - Digital Times,Agência de Marketing Digital - Digital Times,Agência de Marketing Digital - Digital Times,5,37,+55 11 96069-1139,https://wa.me/5511960691139,Agência de Marketing,,,,https://www.facebook.com/brand,,Agência de Marketing,"Praça Padre Damião, 20 - Vila Prudente, São Paulo - SP, 03126-050, Brasil",São Paulo,São Paulo
https://www.google.com/maps/search/?api=1&query=Ag%C3%AAncia%20J%C3%BAnior%20de%20Comunica%C3%A7%C3%A3o%20Mackenzie&query_place_id=ChIJ-SIyTjZYzpQRcrHdZdalQQY,Agência Júnior de Comunicação Mackenzie,Agência Júnior de Comunicação Mackenzie,Agência Júnior de Comunicação Mackenzie,4.4,37,+55 11 2114-8210,https://agenciajrmack.com.br/,Agência de Marketing,,,,,,Agência de publicidade,"R. Piauí, 143 - Higienópolis, São Paulo - SP, 01241-000, Brasil",São Paulo,São Paulo
https://www.google.com/maps/search/?api=1&query=J%C3%BAnior%20Ara%C3%BAjo%20-%20Especialista%20em%20Tr%C3%A1fego%20Pago&query_place_id=ChIJ_e8PI3VKTG4RBMJ7zdogUkg,Júnior Araújo - Especialista em Tráfego Pago,Júnior Araújo - Especialista em Tráfego Pago,Júnior Araújo - Especialista em Tráfego Pago,5,3,+55 15 99661-5958,,Agência de Marketing,,,,,,Agência de Marketing,,,
https://www.google.com/maps/search/?api=1&query=Efejota%20-%20Ag%C3%AAncia%20de%20Marketing%20Digital%20B2B&query_place_id=ChIJ5bFpvhpQzpQRFP8g84A6xOE,Efejota - Agência de Marketing Digital B2B,Efejota - Agência de Marketing Digital B2B,Efejota - Agência de Marketing Digital B2B,4.9,30,+55 11 2338-3750,https://www.efejota.com.br/,Agência de Marketing,%20cafe@efejota.com.br; cafe@efejota.com.br,,https://www.instagram.com/efejota_marketing,https://www.facebook.com/efejotamarketing,https://www.linkedin.com/company/efejota-marketing; https://www.linkedin.com/in/flavioferolajr; https://www.linkedin.com/in/elainecanatelli; https://www.linkedin.com/in/pedro-ferola-2b48a91a0; https://www.linkedin.com/in/malu-ferola; https://www.linkedin.com/in/mariana-maciel-8b2687266; https://www.linkedin.com/in/amanda-lgomes; https://www.linkedin.com/in/isabelle-germano-568832269,Agência de Marketing,"Av. Srg. Lourival Alves de Souza, 130 - Sala 121 - Jd. Marajoara, São Paulo - SP, 04675-020, Brasil",São Paulo,São Paulo
https://www.google.com/maps/search/?api=1&query=Gestor%20de%20Trafego&query_place_id=ChIJOb1QD7H-UgoROqG-kLXKGKs,Gestor de Trafego,Gestor de Trafego,Gestor de Trafego,5,6,+55 14 99876-0335,,Agência de Marketing,,,,,,Agência de marketing digital,,,
https://www.google.com/maps/search/?api=1&query=Rino%20%26%20Partners&query_place_id=ChIJ-6gtZN9ZzpQRhq838UpWw6U,Rino & Partners,Rino & Partners,Rino & Partners,4.7,38,+55 11 2155-8300,https://rinoepartners.com.br/,Agência de Marketing,negocios@rino.com.br; rh@rino.com.br,,https://www.instagram.com/rinoepartners,https://www.facebook.com/rinoepartners,https://www.linkedin.com/company/rinoepartners,Agência de publicidade,"Av. Arnolfo Azevedo, 126 - Pacaembu, São Paulo - SP, 01236-030, Brasil",São Paulo,São Paulo
https://www.google.com/maps/search/?api=1&query=Ag%C3%AAncia%20Marketing%20Digital%20-%20Tr%C3%A1fego%20Pago%20-%20Inteligente%20Gest%C3%A3o&query_place_id=ChIJAwJxUWShwJQR-43382aNyI8,Agência Marketing Digital - Tráfego Pago - Inteligente Gestão,Agência Marketing Digital - Tráfego Pago - Inteligente Gestão,Agência Marketing Digital - Tráfego Pago - Inteligente Gestão,5,7,+55 14 99651-8366,https://inteligentegestao.com.br/,Agência de Marketing,vander@inteligentegestao.com.br,,https://www.instagram.com/inteligentegestao1,,https://www.linkedin.com/company/inteligente-gest%C3%A3o,Agência de marketing digital,"Uni Coworking - Av. Affonso José Aiello, 6-94 - Vila Aviação, Bauru - SP, 17018-520, Brasil",Bauru,São Paulo
https://www.google.com/maps/search/?api=1&query=Marketing%20Digital%20%7C%20Tr%C3%A1fego%20Pago%20%7C%20Gest%C3%A3o%20de%20Redes%20Sociais&query_place_id=ChIJKes61HKwx5QRWvAnakQxeE4,Marketing Digital | Tráfego Pago | Gestão de Redes Sociais,Marketing Digital | Tráfego Pago | Gestão de Redes Sociais,Marketing Digital | Tráfego Pago | Gestão de Redes Sociais,4.9,44,+55 19 99838-1875,https://marketingdigitalemsaopaulo.com.br/agencia-de-marketing-digital-em-sao-pedro-sp/,Agência de Marketing,,,https://www.instagram.com/marketingdigitals.p,https://www.facebook.com/marketingdigitalsp1,https://www.linkedin.com/company/marketingdigitalsp,Agência de marketing digital,"R. Maria Concheta Colombi, 65 - São Judas Tadeu, São Pedro - SP, 13520-000, Brasil",São Pedro,São Paulo
https://www.google.com/maps/search/?api=1&query=Top%20Tags%20Cria%C3%A7%C3%A3o%20de%20Sites%2C%20Marketing%20Digital%2C%20Gest%C3%A3o%20de%20Tr%C3%A1fego%20Pago%2C%20Identidade%20Visual&query_place_id=ChIJT_08pHKNw5QRmvdPNZLn_f0,"Top Tags Criação de Sites, Marketing Digital, Gestão de Tráfego Pago, Identidade Visual","Top Tags Criação de Sites, Marketing Digital, Gestão de Tráfego Pago, Identidade Visual","Top Tags Criação de Sites, Marketing Digital, Gestão de Tráfego Pago, Identidade Visual",5,42,+55 15 99748-3668,https://toptags.com.br/,Agência de Marketing,,,https://instagram.com/toptagscorp,https://www.facebook.com/toptagscorp; https://facebook.com/toptagscorp,,Webdesigner,,,
https://www.google.com/maps/search/?api=1&query=Gestor%20de%20tr%C3%A1fego%20em%20S%C3%A3o%20Paulo%20-%20G%26R&query_place_id=ChIJ20rcHbpflpQRL38ZUt6OXi0,Gestor de tráfego em São Paulo - G&R,Gestor de tráfego em São Paulo - G&R,Gestor de tráfego em São Paulo - G&R,5,20,+55 18 99726-1399,https://anuncionlinegr.com.br/,Agência de Marketing,contato@anuncionlinegr.com.br,,https://www.instagram.com/anuncionline_g_r,https://www.facebook.com/granunciosonline,,Agência de Marketing,"Av. Mal. Floriano, 776 - Guararapes, SP, 16700-000, Brasil",Guararapes,São Paulo
https://www.google.com/maps/search/?api=1&query=KING%20Marketing%20%7C%20Tr%C3%A1fego%20Pago%20e%20Marketing%20Digital%20%7C%20Mar%C3%ADlia%20SP&query_place_id=ChIJXU7StDnXv5QRyEY1ojWt1SE,KING Marketing | Tráfego Pago e Marketing Digital | Marília SP,KING Marketing | Tráfego Pago e Marketing Digital | Marília SP,KING Marketing | Tráfego Pago e Marketing Digital | Marília SP,5,124,+55 14 99905-5952,http://www.kingmarketing.com.br/,Agência de Marketing,contato@kingmarketing.com.br,,https://www.instagram.com/kingmkt; https://www.instagram.com/kingmarketing,https://www.facebook.com/kingmktdigital; https://www.facebook.com/kingmarketing,https://www.linkedin.com/company/king-marketing-digital; https://www.linkedin.com/company/16217750,Agência de Marketing,"Av. Sampaio Vidal, 241-A - Centro, Marília - SP, 17500-020, Brasil",Marília,São Paulo
https://www.google.com/maps/search/?api=1&query=Vinicius%20Bogaz%20%7C%20Tr%C3%A1fego%20Pago%2C%20SEO%20e%20Performance%20Digital&query_place_id=ChIJFaMrIRKncAgRdJFnWuEnqy4,"Vinicius Bogaz | Tráfego Pago, SEO e Performance Digital","Vinicius Bogaz | Tráfego Pago, SEO e Performance Digital","Vinicius Bogaz | Tráfego Pago, SEO e Performance Digital",5,1,+55 18 99188-0380,https://vinibogaz.com.br/,Agência de Marketing,,,,,,Agência de marketing digital,,,
https://www.google.com/maps/search/?api=1&query=Super%20Ouro%20-%20Tr%C3%A1fego%20Pago%20-%20An%C3%BAncios%20Digitais&query_place_id=ChIJ9XTiAon5_qQRORdKQBRRdvw,Super Ouro - Tráfego Pago - Anúncios Digitais,Super Ouro - Tráfego Pago - Anúncios Digitais,Super Ouro - Tráfego Pago - Anúncios Digitais,5,12,+55 14 99788-9218,https://www.superouro.com.br/,Agência de Marketing,,,,,,Agência de marketing digital,,,
https://www.google.com/maps/search/?api=1&query=ONE%20Design%20Marketing%20-%20Ag%C3%AAncia%20360%C2%BA%20%7C%20Estrat%C3%A9gia%20de%20Conte%C3%BAdo%20%7C%20Website%20%7C%20Designer&query_place_id=ChIJff2zPrRgzpQR7MSppxepyq0,ONE Design Marketing - Agência 360º | Estratégia de Conteúdo | Website | Designer,ONE Design Marketing - Agência 360º | Estratégia de Conteúdo | Website | Designer,ONE Design Marketing - Agência 360º | Estratégia de Conteúdo | Website | Designer,5,55,+55 11 95817-0778,https://onedesignmarketing.com.br/,Agência de Marketing,contato@onedesignmarketing.com.br; trabalheconosco@onedesignmarketing.com.br,,https://instagram.com/onedesignmkt360,https://facebook.com/onedesignmkt360,https://www.linkedin.com/company/onedesignmkt360,Agência de Marketing,"Alameda Santos, 415 - 10° andar, conjunto 101 - Cerqueira César, São Paulo - SP, 01419-913, Brasil",São Paulo,São Paulo
